id_pagina,data_aggiornamento
MII152284,2024-09-12
MII157783,2024-09-12
MII158895,2024-09-12
MII158901,2024-09-12
MII158910,2024-09-12
MII158919,2024-09-12
MII158924,2024-09-12
MII158935,2024-09-12
MII158941,2024-09-12
MII158944,2024-09-12
MII158945,2024-09-12
MII158948,2024-09-12
MII159053,2024-09-12
MII159060,2024-09-12
MII159065,2024-09-12
MII159069,2024-09-12
MII159314,2024-09-12
MII160204,2024-09-12
MII169535,2024-09-12
MII172011,2024-09-12
MII172187,2024-09-12
MII172208,2024-09-12
MII172222,2024-09-12
MII172277,2024-09-12
MII172320,2024-09-12
MII172332,2024-09-12
MII172344,2024-09-12
MII172508,2024-09-12
MII172580,2024-09-12
MII172592,2024-09-12
MII172610,2024-09-12
MII172623,2024-09-12
MII172814,2024-09-12
MII172827,2024-09-12
MII172835,2024-09-12
MII173006,2024-09-12
MII173063,2024-09-12
MII173088,2024-09-12
MII173101,2024-09-12
MII173114,2024-09-12
MII173237,2024-09-12
MII173259,2024-09-12
MII173265,2024-09-12
MII173285,2024-09-12
MII173301,2024-09-12
MII173311,2024-09-12
MII173324,2024-09-12
MII173341,2024-09-12
MII173356,2024-09-12
MII173364,2024-09-12
MII173688,2024-09-12
MII173712,2024-09-12
MII173747,2024-09-12
MII173764,2024-09-12
MII173784,2024-09-12
MII173813,2024-09-12
MII173994,2024-09-12
MII174501,2024-09-12
MII174686,2024-09-12
MII174720,2024-09-12
MII174825,2024-09-12
MII176375,2024-09-12
MII176403,2024-09-12
MII176414,2024-09-12
MII176424,2024-09-12
MII176437,2024-09-12
MII176451,2024-09-12
MII176703,2024-09-12
MII176714,2024-09-12
MII176719,2024-09-12
MII176743,2024-09-12
MII176749,2024-09-12
MII176759,2024-09-12
MII176771,2024-09-12
MII176781,2024-09-12
MII176788,2024-09-12
MII177107,2024-09-12
MII177118,2024-09-12
MII177134,2024-09-12
MII177323,2024-09-12
MII177332,2024-09-12
MII177346,2024-09-12
MII177384,2024-09-12
MII177420,2024-09-12
MII177436,2024-09-12
MII177463,2024-09-12
MII177498,2024-09-12
MII177996,2024-09-12
MII178003,2024-09-12
MII178027,2024-09-12
MII178035,2024-09-12
MII178045,2024-09-12
MII178072,2024-09-12
MII178085,2024-09-12
MII178115,2024-09-12
MII178124,2024-09-12
MII178141,2024-09-12
MII178148,2024-09-12
MII178501,2024-09-12
MII178638,2024-09-12
MII178659,2024-09-12
MII178666,2024-09-12
MII178672,2024-09-12
MII178681,2024-09-12
MII178700,2024-09-12
MII179224,2024-09-12
MII179237,2024-09-12
MII179274,2024-09-12
MII179280,2024-09-12
MII179290,2024-09-12
MII179299,2024-09-12
MII179306,2024-09-12
MII179324,2024-09-12
MII179331,2024-09-12
MII179342,2024-09-12
MII179353,2024-09-12
MII179364,2024-09-12
MII179733,2024-09-12
MII179781,2024-09-12
MII179818,2024-09-12
MII179830,2024-09-12
MII179842,2024-09-12
MII179856,2024-09-12
MII179876,2024-09-12
MII179896,2024-09-12
MII179913,2024-09-12
MII179932,2024-09-12
MII179938,2024-09-12
MII179945,2024-09-12
MII179958,2024-09-12
MII179965,2024-09-12
MII179981,2024-09-12
MII179988,2024-09-12
MII179995,2024-09-12
MII180001,2024-09-12
MII180348,2024-09-12
MII180356,2024-09-12
MII180370,2024-09-12
MII180380,2024-09-12
MII180401,2024-09-12
MII180415,2024-09-12
MII180424,2024-09-12
MII180426,2024-09-12
MII180437,2024-09-12
MII180451,2024-09-12
MII180458,2024-09-12
MII180465,2024-09-12
MII180476,2024-09-12
MII180487,2024-09-12
MII181079,2024-09-12
MII181091,2024-09-12
MII181109,2024-09-12
MII181115,2024-09-12
MII181125,2024-09-12
MII181346,2024-09-12
MII181358,2024-09-12
MII181371,2024-09-12
MII181377,2024-09-12
MII181385,2024-09-12
MII181392,2024-09-12
MII181401,2024-09-12
MII181407,2024-09-12
MII181417,2024-09-12
MII181424,2024-09-12
MII181434,2024-09-12
MII181440,2024-09-12
MII181625,2024-09-12
MII181636,2024-09-12
MII181645,2024-09-12
MII181661,2024-09-12
MII181672,2024-09-12
MII181678,2024-09-12
MII181681,2024-09-12
MII181691,2024-09-12
MII181703,2024-09-12
MII181820,2024-09-12
MII181839,2024-09-12
MII181847,2024-09-12
MII181863,2024-09-12
MII181870,2024-09-12
MII181880,2024-09-12
MII181891,2024-09-12
MII181908,2024-09-12
MII181918,2024-09-12
MII181924,2024-09-12
MII181934,2024-09-12
MII182339,2024-09-12
MII182440,2024-09-12
MII182910,2024-09-12
MII182919,2024-09-12
