Data_Report,Regione,Immigrati presenti negli hot spot,Immigrati presenti nei centri di accoglienza,Immigrati presenti nei centri SIPROIMI,Immigrati presenti nei centri SAI
2019-09-30,Abruzzo,,1364,527,
2019-09-30,Basilicata,,1141,488,
2019-09-30,Calabria,,2029,2037,
2019-09-30,Campania,,6107,1956,
2019-09-30,Emilia-Romagna,,7514,2250,
2019-09-30,Friuli-Venezia Giulia,,2732,356,
2019-09-30,Lazio,,6292,2806,
2019-09-30,Liguria,,3200,718,
2019-09-30,Lombardia,,11701,2105,
2019-09-30,Marche,,1733,972,
2019-09-30,Molise,,684,606,
2019-09-30,Piemonte,,7198,1693,
2019-09-30,Puglia,0,2338,2179,
2019-09-30,Sardegna,,1445,233,
2019-09-30,Sicilia,487,3708,3018,
2019-09-30,Toscana,,5742,1283,
2019-09-30,Trentino-Alto Adige,,1929,357,
2019-09-30,Umbria,,1332,387,
2019-09-30,Valle d'Aosta,,161,25,
2019-09-30,Veneto,,6088,678,
2019-10-15,Abruzzo,,1318,484,
2019-10-15,Basilicata,,1087,499,
2019-10-15,Calabria,,2067,2000,
2019-10-15,Campania,,6063,1812,
2019-10-15,Emilia-Romagna,,7444,2216,
2019-10-15,Friuli-Venezia Giulia,,2556,353,
2019-10-15,Lazio,,6233,2811,
2019-10-15,Liguria,,3174,715,
2019-10-15,Lombardia,,11556,2108,
2019-10-15,Marche,,1717,914,
2019-10-15,Molise,,610,632,
2019-10-15,Piemonte,,7134,1748,
2019-10-15,Puglia,0,2246,2260,
2019-10-15,Sardegna,,1385,230,
2019-10-15,Sicilia,391,3643,3051,
2019-10-15,Toscana,,5586,1303,
2019-10-15,Trentino-Alto Adige,,1877,362,
2019-10-15,Umbria,,1315,373,
2019-10-15,Valle d'Aosta,,153,25,
2019-10-15,Veneto,,5942,681,
2019-10-31,Abruzzo,,1298,484,
2019-10-31,Basilicata,,1061,499,
2019-10-31,Calabria,,2029,2000,
2019-10-31,Campania,,5887,1812,
2019-10-31,Emilia-Romagna,,7377,2216,
2019-10-31,Friuli-Venezia Giulia,,2650,353,
2019-10-31,Lazio,,5963,2811,
2019-10-31,Liguria,,3141,715,
2019-10-31,Lombardia,,11404,2108,
2019-10-31,Marche,,1690,914,
2019-10-31,Molise,,576,632,
2019-10-31,Piemonte,,7110,1748,
2019-10-31,Puglia,0,2413,2260,
2019-10-31,Sardegna,,1341,230,
2019-10-31,Sicilia,350,3494,3051,
2019-10-31,Toscana,,5420,1303,
2019-10-31,Trentino-Alto Adige,,1831,362,
2019-10-31,Umbria,,1274,373,
2019-10-31,Valle d'Aosta,,145,25,
2019-10-31,Veneto,,5831,681,
2019-11-15,Abruzzo,,1253,494,
2019-11-15,Basilicata,,1040,495,
2019-11-15,Calabria,,2268,1973,
2019-11-15,Campania,,5742,1818,
2019-11-15,Emilia-Romagna,,7322,2210,
2019-11-15,Friuli-Venezia Giulia,,2648,333,
2019-11-15,Lazio,,6013,2837,
2019-11-15,Liguria,,3125,695,
2019-11-15,Lombardia,,11280,2081,
2019-11-15,Marche,,1607,955,
2019-11-15,Molise,,513,672,
2019-11-15,Piemonte,,7000,1739,
2019-11-15,Puglia,0,2472,2363,
2019-11-15,Sardegna,,1294,229,
2019-11-15,Sicilia,62,3472,2964,
2019-11-15,Toscana,,5251,1305,
2019-11-15,Trentino-Alto Adige,,1812,361,
2019-11-15,Umbria,,1242,344,
2019-11-15,Valle d'Aosta,,133,24,
2019-11-15,Veneto,,5638,676,
2019-11-30,Abruzzo,,1218,494,
2019-11-30,Basilicata,,1022,495,
2019-11-30,Calabria,,2222,1973,
2019-11-30,Campania,,5641,1818,
2019-11-30,Emilia-Romagna,,7252,2210,
2019-11-30,Friuli-Venezia Giulia,,2573,333,
2019-11-30,Lazio,,5882,2837,
2019-11-30,Liguria,,3102,695,
2019-11-30,Lombardia,,11178,2081,
2019-11-30,Marche,,1581,955,
2019-11-30,Molise,,469,672,
2019-11-30,Piemonte,,6875,1739,
2019-11-30,Puglia,37,2417,2363,
2019-11-30,Sardegna,,1256,229,
2019-11-30,Sicilia,444,3489,2964,
2019-11-30,Toscana,,5105,1305,
2019-11-30,Trentino-Alto Adige,,1790,361,
2019-11-30,Umbria,,1179,344,
2019-11-30,Valle d'Aosta,,129,24,
2019-11-30,Veneto,,5591,676,
2019-12-15,Abruzzo,,1210,457,
2019-12-15,Basilicata,,981,507,
2019-12-15,Calabria,,2173,1963,
2019-12-15,Campania,,5524,1777,
2019-12-15,Emilia-Romagna,,7135,2340,
2019-12-15,Friuli-Venezia Giulia,,2456,355,
2019-12-15,Lazio,,5841,2749,
2019-12-15,Liguria,,3028,695,
2019-12-15,Lombardia,,10728,2104,
2019-12-15,Marche,,1528,942,
2019-12-15,Molise,,414,637,
2019-12-15,Piemonte,,6780,1686,
2019-12-15,Puglia,0,2351,2342,
2019-12-15,Sardegna,,1224,233,
2019-12-15,Sicilia,161,3525,2913,
2019-12-15,Toscana,,4982,1301,
2019-12-15,Trentino-Alto Adige,,1697,370,
2019-12-15,Umbria,,1182,322,
2019-12-15,Valle d'Aosta,,125,24,
2019-12-15,Veneto,,5458,671,
2019-12-31,Abruzzo,,1193,457,
2019-12-31,Basilicata,,986,507,
2019-12-31,Calabria,,2092,1963,
2019-12-31,Campania,,5340,1777,
2019-12-31,Emilia-Romagna,,7066,2340,
2019-12-31,Friuli-Venezia Giulia,,2373,355,
2019-12-31,Lazio,,5766,2749,
2019-12-31,Liguria,,2998,695,
2019-12-31,Lombardia,,10576,2104,
2019-12-31,Marche,,1522,942,
2019-12-31,Molise,,426,637,
2019-12-31,Piemonte,,6716,1686,
2019-12-31,Puglia,0,2181,2342,
2019-12-31,Sardegna,,1194,233,
2019-12-31,Sicilia,78,3316,2913,
2019-12-31,Toscana,,4840,1301,
2019-12-31,Trentino-Alto Adige,,1687,370,
2019-12-31,Umbria,,1166,322,
2019-12-31,Valle d'Aosta,,120,24,
2019-12-31,Veneto,,5400,671,
2020-01-15,Abruzzo,,1197,449,
2020-01-15,Basilicata,,983,522,
2020-01-15,Calabria,,2028,1925,
2020-01-15,Campania,,5252,1784,
2020-01-15,Emilia-Romagna,,6971,2303,
2020-01-15,Friuli-Venezia Giulia,,2376,302,
2020-01-15,Lazio,,5698,2535,
2020-01-15,Liguria,,2921,706,
2020-01-15,Lombardia,,10472,2088,
2020-01-15,Marche,,1472,906,
2020-01-15,Molise,,427,649,
2020-01-15,Piemonte,,6660,1716,
2020-01-15,Puglia,0,2309,2376,
2020-01-15,Sardegna,,1138,222,
2020-01-15,Sicilia,5,3309,2852,
2020-01-15,Toscana,,4749,1288,
2020-01-15,Trentino-Alto Adige,,1658,364,
2020-01-15,Umbria,,1138,332,
2020-01-15,Valle d'Aosta,,118,24,
2020-01-15,Veneto,,5336,638,
2020-01-31,Abruzzo,,1209,449,
2020-01-31,Basilicata,,972,522,
2020-01-31,Calabria,,1946,1925,
2020-01-31,Campania,,5173,1784,
2020-01-31,Emilia-Romagna,,6886,2303,
2020-01-31,Friuli-Venezia Giulia,,2356,302,
2020-01-31,Lazio,,5561,2535,
2020-01-31,Liguria,,2902,706,
2020-01-31,Lombardia,,10418,2088,
2020-01-31,Marche,,1425,906,
2020-01-31,Molise,,412,649,
2020-01-31,Piemonte,,6599,1716,
2020-01-31,Puglia,133,2135,2376,
2020-01-31,Sardegna,,1115,222,
2020-01-31,Sicilia,72,3171,2852,
2020-01-31,Toscana,,4624,1288,
2020-01-31,Trentino-Alto Adige,,1619,364,
2020-01-31,Umbria,,1106,332,
2020-01-31,Valle d'Aosta,,115,24,
2020-01-31,Veneto,,5255,638,
2020-02-15,Abruzzo,,1262,463,
2020-02-15,Basilicata,,978,465,
2020-02-15,Calabria,,2067,1914,
2020-02-15,Campania,,5069,1717,
2020-02-15,Emilia-Romagna,,6810,2002,
2020-02-15,Friuli-Venezia Giulia,,2322,307,
2020-02-15,Lazio,,5566,2349,
2020-02-15,Liguria,,2824,697,
2020-02-15,Lombardia,,10098,2031,
2020-02-15,Marche,,1400,870,
2020-02-15,Molise,,401,658,
2020-02-15,Piemonte,,6597,1715,
2020-02-15,Puglia,0,2086,2379,
2020-02-15,Sardegna,,1067,217,
2020-02-15,Sicilia,205,3220,2649,
2020-02-15,Toscana,,4521,1279,
2020-02-15,Trentino-Alto Adige,,1599,364,
2020-02-15,Umbria,,1112,307,
2020-02-15,Valle d'Aosta,,108,24,
2020-02-15,Veneto,,5212,609,
2020-02-29,Abruzzo,,1212,463,
2020-02-29,Basilicata,,987,465,
2020-02-29,Calabria,,1906,1914,
2020-02-29,Campania,,4976,1717,
2020-02-29,Emilia-Romagna,,6780,2002,
2020-02-29,Friuli-Venezia Giulia,,2308,307,
2020-02-29,Lazio,,5490,2349,
2020-02-29,Liguria,,2781,697,
2020-02-29,Lombardia,,9967,2031,
2020-02-29,Marche,,1355,870,
2020-02-29,Molise,,391,658,
2020-02-29,Piemonte,,6479,1715,
2020-02-29,Puglia,0,1963,2379,
2020-02-29,Sardegna,,1054,217,
2020-02-29,Sicilia,354,3223,2649,
2020-02-29,Toscana,,4447,1279,
2020-02-29,Trentino-Alto Adige,,1550,364,
2020-02-29,Umbria,,1112,307,
2020-02-29,Valle d'Aosta,,101,24,
2020-02-29,Veneto,,5151,609,
2020-03-15,Abruzzo,,1250,444,
2020-03-15,Basilicata,,964,447,
2020-03-15,Calabria,,2041,1875,
2020-03-15,Campania,,4909,1581,
2020-03-15,Emilia-Romagna,,6741,2038,
2020-03-15,Friuli-Venezia Giulia,,2335,303,
2020-03-15,Lazio,,5462,2298,
2020-03-15,Liguria,,2771,677,
2020-03-15,Lombardia,,9898,1998,
2020-03-15,Marche,,1299,839,
2020-03-15,Molise,,374,620,
2020-03-15,Piemonte,,6375,1686,
2020-03-15,Puglia,0,1921,2196,
2020-03-15,Sardegna,,1049,222,
2020-03-15,Sicilia,254,3102,2620,
2020-03-15,Toscana,,4369,1289,
2020-03-15,Trentino-Alto Adige,,1519,358,
2020-03-15,Umbria,,1087,308,
2020-03-15,Valle d'Aosta,,97,24,
2020-03-15,Veneto,,5087,597,
2020-03-31,Abruzzo,,1246,444,
2020-03-31,Basilicata,,949,447,
2020-03-31,Calabria,,2032,1875,
2020-03-31,Campania,,4868,1581,
2020-03-31,Emilia-Romagna,,6729,2038,
2020-03-31,Friuli-Venezia Giulia,,2353,303,
2020-03-31,Lazio,,5439,2298,
2020-03-31,Liguria,,2768,677,
2020-03-31,Lombardia,,9854,1998,
2020-03-31,Marche,,1289,839,
2020-03-31,Molise,,367,620,
2020-03-31,Piemonte,,6360,1686,
2020-03-31,Puglia,0,1892,2196,
2020-03-31,Sardegna,,1018,222,
2020-03-31,Sicilia,98,3132,2620,
2020-03-31,Toscana,,4369,1289,
2020-03-31,Trentino-Alto Adige,,1510,358,
2020-03-31,Umbria,,1087,308,
2020-03-31,Valle d'Aosta,,94,24,
2020-03-31,Veneto,,5072,597,
2020-04-15,Abruzzo,,1239,442,
2020-04-15,Basilicata,,944,436,
2020-04-15,Calabria,,2029,1865,
2020-04-15,Campania,,4818,1519,
2020-04-15,Emilia-Romagna,,6708,2034,
2020-04-15,Friuli-Venezia Giulia,,2401,298,
2020-04-15,Lazio,,5408,2281,
2020-04-15,Liguria,,2777,657,
2020-04-15,Lombardia,,9832,1999,
2020-04-15,Marche,,1302,843,
2020-04-15,Molise,,367,631,
2020-04-15,Piemonte,,6323,1723,
2020-04-15,Puglia,0,1894,2231,
2020-04-15,Sardegna,,1022,206,
2020-04-15,Sicilia,218,3402,2461,
2020-04-15,Toscana,,4356,1290,
2020-04-15,Trentino-Alto Adige,,1489,359,
2020-04-15,Umbria,,1071,307,
2020-04-15,Valle d'Aosta,,94,23,
2020-04-15,Veneto,,5016,609,
2020-04-30,Abruzzo,,1278,442,
2020-04-30,Basilicata,,942,436,
2020-04-30,Calabria,,2027,1865,
2020-04-30,Campania,,4803,1519,
2020-04-30,Emilia-Romagna,,6706,2034,
2020-04-30,Friuli-Venezia Giulia,,2580,298,
2020-04-30,Lazio,,5420,2281,
2020-04-30,Liguria,,2753,657,
2020-04-30,Lombardia,,9822,1999,
2020-04-30,Marche,,1302,843,
2020-04-30,Molise,,361,631,
2020-04-30,Piemonte,,6288,1723,
2020-04-30,Puglia,0,1914,2231,
2020-04-30,Sardegna,,1021,206,
2020-04-30,Sicilia,274,3494,2461,
2020-04-30,Toscana,,4339,1290,
2020-04-30,Trentino-Alto Adige,,1481,359,
2020-04-30,Umbria,,1099,307,
2020-04-30,Valle d'Aosta,,94,23,
2020-04-30,Veneto,,5017,609,
2020-05-15,Abruzzo,,1331,354,
2020-05-15,Basilicata,,977,402,
2020-05-15,Calabria,,2019,1894,
2020-05-15,Campania,,4825,1521,
2020-05-15,Emilia-Romagna,,6682,2015,
2020-05-15,Friuli-Venezia Giulia,,2804,292,
2020-05-15,Lazio,,5502,2273,
2020-05-15,Liguria,,2748,681,
2020-05-15,Lombardia,,9880,1965,
2020-05-15,Marche,,1321,853,
2020-05-15,Molise,,357,632,
2020-05-15,Piemonte,,6283,1609,
2020-05-15,Puglia,0,2022,2312,
2020-05-15,Sardegna,,1020,189,
2020-05-15,Sicilia,265,3556,2517,
2020-05-15,Toscana,,4404,1279,
2020-05-15,Trentino-Alto Adige,,1481,359,
2020-05-15,Umbria,,1160,271,
2020-05-15,Valle d'Aosta,,94,24,
2020-05-15,Veneto,,5011,606,
2020-05-31,Abruzzo,,1367,354,
2020-05-31,Basilicata,,977,402,
2020-05-31,Calabria,,2026,1894,
2020-05-31,Campania,,4810,1521,
2020-05-31,Emilia-Romagna,,6727,2015,
2020-05-31,Friuli-Venezia Giulia,,2784,292,
2020-05-31,Lazio,,5557,2273,
2020-05-31,Liguria,,2748,681,
2020-05-31,Lombardia,,9802,1965,
2020-05-31,Marche,,1313,853,
2020-05-31,Molise,,356,632,
2020-05-31,Piemonte,,6268,1609,
2020-05-31,Puglia,119,1968,2312,
2020-05-31,Sardegna,,1058,189,
2020-05-31,Sicilia,57,3625,2517,
2020-05-31,Toscana,,4393,1279,
2020-05-31,Trentino-Alto Adige,,1461,359,
2020-05-31,Umbria,,1185,271,
2020-05-31,Valle d'Aosta,,93,24,
2020-05-31,Veneto,,4988,606,
2020-06-15,Abruzzo,,1335,383,
2020-06-15,Basilicata,,964,416,
2020-06-15,Calabria,,2013,1858,
2020-06-15,Campania,,4814,1585,
2020-06-15,Emilia-Romagna,,6735,2016,
2020-06-15,Friuli-Venezia Giulia,,2631,284,
2020-06-15,Lazio,,5575,2276,
2020-06-15,Liguria,,2709,682,
2020-06-15,Lombardia,,9739,1969,
2020-06-15,Marche,,1260,872,
2020-06-15,Molise,,350,614,
2020-06-15,Piemonte,,6197,1638,
2020-06-15,Puglia,67,1936,2370,
2020-06-15,Sardegna,,993,186,
2020-06-15,Sicilia,8,3516,2625,
2020-06-15,Toscana,,4368,1276,
2020-06-15,Trentino-Alto Adige,,1454,357,
2020-06-15,Umbria,,1157,271,
2020-06-15,Valle d'Aosta,,93,25,
2020-06-15,Veneto,,4986,596,
2020-06-30,Abruzzo,,1280,383,
2020-06-30,Basilicata,,943,416,
2020-06-30,Calabria,,1938,1858,
2020-06-30,Campania,,4746,1585,
2020-06-30,Emilia-Romagna,,6686,2016,
2020-06-30,Friuli-Venezia Giulia,,2596,284,
2020-06-30,Lazio,,5505,2276,
2020-06-30,Liguria,,2713,682,
2020-06-30,Lombardia,,9659,1969,
2020-06-30,Marche,,1204,872,
2020-06-30,Molise,,339,614,
2020-06-30,Piemonte,,6136,1638,
2020-06-30,Puglia,0,1895,2370,
2020-06-30,Sardegna,,983,186,
2020-06-30,Sicilia,258,3342,2625,
2020-06-30,Toscana,,4323,1276,
2020-06-30,Trentino-Alto Adige,,1448,357,
2020-06-30,Umbria,,1150,271,
2020-06-30,Valle d'Aosta,,90,25,
2020-06-30,Veneto,,4912,596,
2020-07-15,Abruzzo,,1216,421,
2020-07-15,Basilicata,,927,430,
2020-07-15,Calabria,,2021,1858,
2020-07-15,Campania,,4671,1586,
2020-07-15,Emilia-Romagna,,6621,2041,
2020-07-15,Friuli-Venezia Giulia,,2635,305,
2020-07-15,Lazio,,5392,2275,
2020-07-15,Liguria,,2714,688,
2020-07-15,Lombardia,,9540,1951,
2020-07-15,Marche,,1226,893,
2020-07-15,Molise,,325,615,
2020-07-15,Piemonte,,6042,1705,
2020-07-15,Puglia,248,1896,2475,
2020-07-15,Sardegna,,1051,181,
2020-07-15,Sicilia,874,3422,2950,
2020-07-15,Toscana,,4267,1291,
2020-07-15,Trentino-Alto Adige,,1434,356,
2020-07-15,Umbria,,1141,280,
2020-07-15,Valle d'Aosta,,88,23,
2020-07-15,Veneto,,4792,631,
2020-07-31,Abruzzo,,1241,421,
2020-07-31,Basilicata,,959,430,
2020-07-31,Calabria,,1885,1858,
2020-07-31,Campania,,4692,1586,
2020-07-31,Emilia-Romagna,,6650,2041,
2020-07-31,Friuli-Venezia Giulia,,3253,305,
2020-07-31,Lazio,,5837,2275,
2020-07-31,Liguria,,2697,688,
2020-07-31,Lombardia,,9415,1951,
2020-07-31,Marche,,1291,893,
2020-07-31,Molise,,308,615,
2020-07-31,Piemonte,,6159,1705,
2020-07-31,Puglia,0,1587,2475,
2020-07-31,Sardegna,,1075,181,
2020-07-31,Sicilia,949,3390,2950,
2020-07-31,Toscana,,4242,1291,
2020-07-31,Trentino-Alto Adige,,1413,356,
2020-07-31,Umbria,,1089,280,
2020-07-31,Valle d'Aosta,,88,23,
2020-07-31,Veneto,,4701,631,
2020-08-15,Abruzzo,,1309,396,
2020-08-15,Basilicata,,957,433,
2020-08-15,Calabria,,1762,1852,
2020-08-15,Campania,,4531,1692,
2020-08-15,Emilia-Romagna,,6587,2210,
2020-08-15,Friuli-Venezia Giulia,,2768,309,
2020-08-15,Lazio,,5562,2292,
2020-08-15,Liguria,,2670,683,
2020-08-15,Lombardia,,9240,1913,
2020-08-15,Marche,,1162,917,
2020-08-15,Molise,,379,591,
2020-08-15,Piemonte,,6110,1696,
2020-08-15,Puglia,0,1573,2492,
2020-08-15,Sardegna,,1117,175,
2020-08-15,Sicilia,601,3654,3178,
2020-08-15,Toscana,,4204,1296,
2020-08-15,Trentino-Alto Adige,,1385,351,
2020-08-15,Umbria,,1074,274,
2020-08-15,Valle d'Aosta,,90,23,
2020-08-15,Veneto,,4647,636,
2020-08-31,Abruzzo,,1279,396,
2020-08-31,Basilicata,,931,433,
2020-08-31,Calabria,,1728,1852,
2020-08-31,Campania,,4460,1692,
2020-08-31,Emilia-Romagna,,6521,2210,
2020-08-31,Friuli-Venezia Giulia,,2675,309,
2020-08-31,Lazio,,5480,2292,
2020-08-31,Liguria,,2663,683,
2020-08-31,Lombardia,,9216,1913,
2020-08-31,Marche,,1105,917,
2020-08-31,Molise,,358,591,
2020-08-31,Piemonte,,6056,1696,
2020-08-31,Puglia,0,1553,2492,
2020-08-31,Sardegna,,1091,175,
2020-08-31,Sicilia,1248,3515,3178,
2020-08-31,Toscana,,4164,1296,
2020-08-31,Trentino-Alto Adige,,1352,351,
2020-08-31,Umbria,,1102,274,
2020-08-31,Valle d'Aosta,,88,23,
2020-08-31,Veneto,,4563,636,
2020-09-15,Abruzzo,,1303,351,
2020-09-15,Basilicata,,898,450,
2020-09-15,Calabria,,1746,2069,
2020-09-15,Campania,,4389,1807,
2020-09-15,Emilia-Romagna,,6539,2240,
2020-09-15,Friuli-Venezia Giulia,,2529,309,
2020-09-15,Lazio,,5349,2344,
2020-09-15,Liguria,,2649,690,
2020-09-15,Lombardia,,9129,1927,
2020-09-15,Marche,,1089,987,
2020-09-15,Molise,,309,646,
2020-09-15,Piemonte,,5900,1714,
2020-09-15,Puglia,0,1435,2513,
2020-09-15,Sardegna,,923,177,
2020-09-15,Sicilia,405,3378,3442,
2020-09-15,Toscana,,4062,1282,
2020-09-15,Trentino-Alto Adige,,1288,496,
2020-09-15,Umbria,,1066,262,
2020-09-15,Valle d'Aosta,,88,23,
2020-09-15,Veneto,,4467,630,
2020-09-30,Abruzzo,,1194,496,
2020-09-30,Basilicata,,876,450,
2020-09-30,Calabria,,1684,2069,
2020-09-30,Campania,,4236,1807,
2020-09-30,Emilia-Romagna,,6519,2240,
2020-09-30,Friuli-Venezia Giulia,,2618,309,
2020-09-30,Lazio,,5350,2344,
2020-09-30,Liguria,,2626,690,
2020-09-30,Lombardia,,9034,1927,
2020-09-30,Marche,,1068,987,
2020-09-30,Molise,,275,646,
2020-09-30,Piemonte,,5928,1714,
2020-09-30,Puglia,0,1413,2513,
2020-09-30,Sardegna,,1108,177,
2020-09-30,Sicilia,217,2909,3442,
2020-09-30,Toscana,,3932,1282,
2020-09-30,Trentino-Alto Adige,,1293,351,
2020-09-30,Umbria,,982,262,
2020-09-30,Valle d'Aosta,,83,23,
2020-09-30,Veneto,,4368,630,
2020-10-31,Abruzzo,,1128,522,
2020-10-31,Basilicata,,830,517,
2020-10-31,Calabria,,1482,2200,
2020-10-31,Campania,,3966,1941,
2020-10-31,Emilia-Romagna,,6415,2221,
2020-10-31,Friuli-Venezia Giulia,,2504,298,
2020-10-31,Lazio,,5253,2393,
2020-10-31,Liguria,,2592,683,
2020-10-31,Lombardia,,8693,1985,
2020-10-31,Marche,,1199,990,
2020-10-31,Molise,,228,764,
2020-10-31,Piemonte,,5648,1741,
2020-10-31,Puglia,0,1430,2724,
2020-10-31,Sardegna,,954,184,
2020-10-31,Sicilia,61,2805,3490,
2020-10-31,Toscana,,3853,1286,
2020-10-31,Trentino-Alto Adige,,1198,349,
2020-10-31,Umbria,,936,273,
2020-10-31,Valle d'Aosta,,70,23,
2020-10-31,Veneto,,4207,609,
2020-11-15,Abruzzo,,1123,505,
2020-11-15,Basilicata,,815,572,
2020-11-15,Calabria,,1592,2293,
2020-11-15,Campania,,3886,1938,
2020-11-15,Emilia-Romagna,,6315,2241,
2020-11-15,Friuli-Venezia Giulia,,2547,310,
2020-11-15,Lazio,,5263,2098,
2020-11-15,Liguria,,2527,668,
2020-11-15,Lombardia,,8539,1992,
2020-11-15,Marche,,1208,987,
2020-11-15,Molise,,211,753,
2020-11-15,Piemonte,,5611,1703,
2020-11-15,Puglia,75,1297,2806,
2020-11-15,Sardegna,,1031,197,
2020-11-15,Sicilia,824,2781,3404,
2020-11-15,Toscana,,3857,1271,
2020-11-15,Trentino-Alto Adige,,1183,342,
2020-11-15,Umbria,,945,325,
2020-11-15,Valle d'Aosta,,69,16,
2020-11-15,Veneto,,4156,630,
2020-11-30,Abruzzo,,1119,505,
2020-11-30,Basilicata,,857,572,
2020-11-30,Calabria,,1693,2293,
2020-11-30,Campania,,4047,1938,
2020-11-30,Emilia-Romagna,,6357,2241,
2020-11-30,Friuli-Venezia Giulia,,2478,310,
2020-11-30,Lazio,,5325,2098,
2020-11-30,Liguria,,2506,668,
2020-11-30,Lombardia,,8506,1992,
2020-11-30,Marche,,1322,987,
2020-11-30,Molise,,274,753,
2020-11-30,Piemonte,,5577,1703,
2020-11-30,Puglia,61,1505,2806,
2020-11-30,Sardegna,,930,197,
2020-11-30,Sicilia,169,2731,3404,
2020-11-30,Toscana,,3931,1271,
2020-11-30,Trentino-Alto Adige,,1161,342,
2020-11-30,Umbria,,970,325,
2020-11-30,Valle d'Aosta,,64,16,
2020-11-30,Veneto,,4127,630,
2020-12-15,Abruzzo,,1106,529,
2020-12-15,Basilicata,,858,550,
2020-12-15,Calabria,,1778,2184,
2020-12-15,Campania,,3971,1913,
2020-12-15,Emilia-Romagna,,6281,2223,
2020-12-15,Friuli-Venezia Giulia,,2535,310,
2020-12-15,Lazio,,5380,2133,
2020-12-15,Liguria,,2507,832,
2020-12-15,Lombardia,,8477,2066,
2020-12-15,Marche,,1244,930,
2020-12-15,Molise,,259,759,
2020-12-15,Piemonte,,5553,1774,
2020-12-15,Puglia,0,1483,2795,
2020-12-15,Sardegna,,827,226,
2020-12-15,Sicilia,88,2661,3849,
2020-12-15,Toscana,,3890,1246,
2020-12-15,Trentino-Alto Adige,,1149,297,
2020-12-15,Umbria,,964,335,
2020-12-15,Valle d'Aosta,,59,23,
2020-12-15,Veneto,,4058,600,
2020-12-31,Abruzzo,,1063,529,
2020-12-31,Basilicata,,833,550,
2020-12-31,Calabria,,1697,2184,
2020-12-31,Campania,,3902,1913,
2020-12-31,Emilia-Romagna,,6169,2223,
2020-12-31,Friuli-Venezia Giulia,,2491,310,
2020-12-31,Lazio,,5358,2133,
2020-12-31,Liguria,,2477,832,
2020-12-31,Lombardia,,8428,2066,
2020-12-31,Marche,,1230,930,
2020-12-31,Molise,,232,759,
2020-12-31,Piemonte,,5501,1774,
2020-12-31,Puglia,0,1466,2795,
2020-12-31,Sardegna,,874,226,
2020-12-31,Sicilia,21,2610,3849,
2020-12-31,Toscana,,3840,1246,
2020-12-31,Trentino-Alto Adige,,1146,297,
2020-12-31,Umbria,,954,335,
2020-12-31,Valle d'Aosta,,56,23,
2020-12-31,Veneto,,4016,600,
2021-01-15,Abruzzo,,1019,,532
2021-01-15,Basilicata,,865,,542
2021-01-15,Calabria,,1651,,2196
2021-01-15,Campania,,3885,,1975
2021-01-15,Emilia-Romagna,,6085,,2240
2021-01-15,Friuli-Venezia Giulia,,2528,,304
2021-01-15,Lazio,,5355,,2012
2021-01-15,Liguria,,2454,,811
2021-01-15,Lombardia,,8317,,2115
2021-01-15,Marche,,1218,,874
2021-01-15,Molise,,216,,746
2021-01-15,Piemonte,,5460,,1808
2021-01-15,Puglia,0,1392,,2764
2021-01-15,Sardegna,,808,,219
2021-01-15,Sicilia,,2545,,3763
2021-01-15,Toscana,,3794,,1279
2021-01-15,Trentino-Alto Adige,,1128,,255
2021-01-15,Umbria,,955,,336
2021-01-15,Valle d'Aosta,,57,,23
2021-01-15,Veneto,,3950,,605
2021-01-31,Abruzzo,,1000,,532
2021-01-31,Basilicata,,825,,542
2021-01-31,Calabria,,1543,,2196
2021-01-31,Campania,,3839,,1975
2021-01-31,Emilia-Romagna,,6006,,2240
2021-01-31,Friuli-Venezia Giulia,,2459,,304
2021-01-31,Lazio,,5235,,2012
2021-01-31,Liguria,,2449,,811
2021-01-31,Lombardia,,8291,,2115
2021-01-31,Marche,,1191,,874
2021-01-31,Molise,,201,,746
2021-01-31,Piemonte,,5417,,1808
2021-01-31,Puglia,0,1376,,2764
2021-01-31,Sardegna,,791,,219
2021-01-31,Sicilia,180,2450,,3763
2021-01-31,Toscana,,3725,,1279
2021-01-31,Trentino-Alto Adige,,1116,,255
2021-01-31,Umbria,,933,,336
2021-01-31,Valle d'Aosta,,60,,23
2021-01-31,Veneto,,3926,,605
2021-02-15,Abruzzo,,978,,531
2021-02-15,Basilicata,,790,,562
2021-02-15,Calabria,,1463,,2237
2021-02-15,Campania,,3761,,1976
2021-02-15,Emilia-Romagna,,5985,,2229
2021-02-15,Friuli-Venezia Giulia,,2395,,306
2021-02-15,Lazio,,5180,,1989
2021-02-15,Liguria,,2434,,820
2021-02-15,Lombardia,,8224,,2081
2021-02-15,Marche,,1171,,868
2021-02-15,Molise,,179,,747
2021-02-15,Piemonte,,5402,,1823
2021-02-15,Puglia,0,1633,,2767
2021-02-15,Sardegna,,874,,220
2021-02-15,Sicilia,214,2640,,3681
2021-02-15,Toscana,,3649,,1300
2021-02-15,Trentino-Alto Adige,,1130,,187
2021-02-15,Umbria,,925,,358
2021-02-15,Valle d'Aosta,,58,,24
2021-02-15,Veneto,,3903,,605
2021-02-28,Abruzzo,,943,,531
2021-02-28,Basilicata,,766,,562
2021-02-28,Calabria,,1621,,2237
2021-02-28,Campania,,3693,,1976
2021-02-28,Emilia-Romagna,,5883,,2229
2021-02-28,Friuli-Venezia Giulia,,2337,,306
2021-02-28,Lazio,,5204,,1989
2021-02-28,Liguria,,2436,,820
2021-02-28,Lombardia,,8090,,2081
2021-02-28,Marche,,1164,,868
2021-02-28,Molise,,169,,747
2021-02-28,Piemonte,,5362,,1823
2021-02-28,Puglia,0,1523,,2767
2021-02-28,Sardegna,,816,,220
2021-02-28,Sicilia,321,2657,,3681
2021-02-28,Toscana,,3617,,1300
2021-02-28,Trentino-Alto Adige,,1128,,187
2021-02-28,Umbria,,920,,358
2021-02-28,Valle d'Aosta,,59,,24
2021-02-28,Veneto,,3875,,605
2021-03-31,Abruzzo,,972,,530
2021-03-31,Basilicata,,768,,559
2021-03-31,Calabria,,1699,,2323
2021-03-31,Campania,,3509,,1934
2021-03-31,Emilia-Romagna,,5872,,2228
2021-03-31,Friuli-Venezia Giulia,,2478,,300
2021-03-31,Lazio,,5098,,1901
2021-03-31,Liguria,,2376,,829
2021-03-31,Lombardia,,7971,,2065
2021-03-31,Marche,,1165,,818
2021-03-31,Molise,,154,,749
2021-03-31,Piemonte,,5054,,1826
2021-03-31,Puglia,0,1583,,2714
2021-03-31,Sardegna,,727,,213
2021-03-31,Sicilia,372,2569,,3806
2021-03-31,Toscana,,3542,,1344
2021-03-31,Trentino-Alto Adige,,1059,,188
2021-03-31,Umbria,,961,,348
2021-03-31,Valle d'Aosta,,59,,24
2021-03-31,Veneto,,3766,,621
2021-04-15,Abruzzo,,988,,536
2021-04-15,Basilicata,,745,,554
2021-04-15,Calabria,,1764,,2411
2021-04-15,Campania,,3509,,2050
2021-04-15,Emilia-Romagna,,5819,,2198
2021-04-15,Friuli-Venezia Giulia,,2397,,300
2021-04-15,Lazio,,5131,,1864
2021-04-15,Liguria,,2358,,820
2021-04-15,Lombardia,,7889,,2100
2021-04-15,Marche,,1143,,815
2021-04-15,Molise,,132,,724
2021-04-15,Piemonte,,4998,,1868
2021-04-15,Puglia,0,1671,,2635
2021-04-15,Sardegna,,689,,213
2021-04-15,Sicilia,129,2284,,3826
2021-04-15,Toscana,,3497,,1367
2021-04-15,Trentino-Alto Adige,,1041,,187
2021-04-15,Umbria,,922,,335
2021-04-15,Valle d'Aosta,,38,,20
2021-04-15,Veneto,,3754,,584
2021-04-30,Abruzzo,,945,,536
2021-04-30,Basilicata,,745,,554
2021-04-30,Calabria,,1600,,2411
2021-04-30,Campania,,3423,,2050
2021-04-30,Emilia-Romagna,,5747,,2198
2021-04-30,Friuli-Venezia Giulia,,2418,,300
2021-04-30,Lazio,,5114,,1864
2021-04-30,Liguria,,2365,,820
2021-04-30,Lombardia,,7798,,2100
2021-04-30,Marche,,1130,,815
2021-04-30,Molise,,138,,724
2021-04-30,Piemonte,,4964,,1868
2021-04-30,Puglia,0,1644,,2635
2021-04-30,Sardegna,,667,,213
2021-04-30,Sicilia,121,2187,,3826
2021-04-30,Toscana,,3415,,1367
2021-04-30,Trentino-Alto Adige,,1024,,187
2021-04-30,Umbria,,870,,335
2021-04-30,Valle d'Aosta,,38,,20
2021-04-30,Veneto,,3672,,584
2021-05-15,Abruzzo,,871,,556
2021-05-15,Basilicata,,718,,563
2021-05-15,Calabria,,1625,,2364
2021-05-15,Campania,,3300,,2042
2021-05-15,Emilia-Romagna,,5659,,2192
2021-05-15,Friuli-Venezia Giulia,,2475,,303
2021-05-15,Lazio,,5078,,1892
2021-05-15,Liguria,,2364,,842
2021-05-15,Lombardia,,7742,,2127
2021-05-15,Marche,,1130,,848
2021-05-15,Molise,,131,,729
2021-05-15,Piemonte,,4939,,1914
2021-05-15,Puglia,292,1539,,2726
2021-05-15,Sardegna,,701,,203
2021-05-15,Sicilia,346,2614,,3769
2021-05-15,Toscana,,3346,,1374
2021-05-15,Trentino-Alto Adige,,1014,,187
2021-05-15,Umbria,,850,,351
2021-05-15,Valle d'Aosta,,37,,22
2021-05-15,Veneto,,3626,,585
2021-05-31,Abruzzo,,879,,556
2021-05-31,Basilicata,,731,,563
2021-05-31,Calabria,,1890,,2364
2021-05-31,Campania,,3299,,2042
2021-05-31,Emilia-Romagna,,5642,,2192
2021-05-31,Friuli-Venezia Giulia,,2459,,303
2021-05-31,Lazio,,5092,,1892
2021-05-31,Liguria,,2350,,842
2021-05-31,Lombardia,,7694,,2127
2021-05-31,Marche,,1162,,848
2021-05-31,Molise,,198,,729
2021-05-31,Piemonte,,4930,,1914
2021-05-31,Puglia,285,1693,,2726
2021-05-31,Sardegna,,632,,203
2021-05-31,Sicilia,132,2543,,3769
2021-05-31,Toscana,,3354,,1374
2021-05-31,Trentino-Alto Adige,,998,,187
2021-05-31,Umbria,,854,,351
2021-05-31,Valle d'Aosta,,43,,22
2021-05-31,Veneto,,3612,,585
2021-06-15,Abruzzo,,891,,543
2021-06-15,Basilicata,,705,,565
2021-06-15,Calabria,,1417,,2564
2021-06-15,Campania,,3301,,2132
2021-06-15,Emilia-Romagna,,5622,,2193
2021-06-15,Friuli-Venezia Giulia,,2506,,304
2021-06-15,Lazio,,5091,,1893
2021-06-15,Liguria,,2384,,833
2021-06-15,Lombardia,,7648,,2131
2021-06-15,Marche,,1176,,830
2021-06-15,Molise,,217,,770
2021-06-15,Piemonte,,4956,,1863
2021-06-15,Puglia,217,1683,,2674
2021-06-15,Sardegna,,717,,205
2021-06-15,Sicilia,1194,2428,,3768
2021-06-15,Toscana,,3372,,1338
2021-06-15,Trentino-Alto Adige,,983,,187
2021-06-15,Umbria,,863,,347
2021-06-15,Valle d'Aosta,,42,,22
2021-06-15,Veneto,,3575,,594
2021-06-30,Abruzzo,,902,,543
2021-06-30,Basilicata,,771,,565
2021-06-30,Calabria,,1331,,2564
2021-06-30,Campania,,3271,,2132
2021-06-30,Emilia-Romagna,,5657,,2193
2021-06-30,Friuli-Venezia Giulia,,2533,,304
2021-06-30,Lazio,,5005,,1893
2021-06-30,Liguria,,2355,,833
2021-06-30,Lombardia,,7554,,2131
2021-06-30,Marche,,1180,,830
2021-06-30,Molise,,270,,770
2021-06-30,Piemonte,,4881,,1863
2021-06-30,Puglia,271,1783,,2674
2021-06-30,Sardegna,,626,,205
2021-06-30,Sicilia,712,2475,,3768
2021-06-30,Toscana,,3338,,1338
2021-06-30,Trentino-Alto Adige,,969,,187
2021-06-30,Umbria,,892,,347
2021-06-30,Valle d'Aosta,,42,,22
2021-06-30,Veneto,,3578,,594
2021-07-31,Abruzzo,,1011,,520
2021-07-31,Basilicata,,802,,553
2021-07-31,Calabria,,1325,,2540
2021-07-31,Campania,,3298,,2095
2021-07-31,Emilia-Romagna,,5723,,2194
2021-07-31,Friuli-Venezia Giulia,,2530,,303
2021-07-31,Lazio,,4986,,1869
2021-07-31,Liguria,,2398,,836
2021-07-31,Lombardia,,7425,,2123
2021-07-31,Marche,,1314,,807
2021-07-31,Molise,,279,,751
2021-07-31,Piemonte,,4982,,1810
2021-07-31,Puglia,36,1630,,2672
2021-07-31,Sardegna,,568,,181
2021-07-31,Sicilia,1201,2644,,3712
2021-07-31,Toscana,,3383,,1346
2021-07-31,Trentino-Alto Adige,,960,,185
2021-07-31,Umbria,,917,,329
2021-07-31,Valle d'Aosta,,44,,18
2021-07-31,Veneto,,3610,,578
2021-08-15,Abruzzo,,1052,,515
2021-08-15,Basilicata,,819,,557
2021-08-15,Calabria,,2079,,2532
2021-08-15,Campania,,3362,,2008
2021-08-15,Emilia-Romagna,,5722,,2192
2021-08-15,Friuli-Venezia Giulia,,2608,,302
2021-08-15,Lazio,,4942,,1915
2021-08-15,Liguria,,2407,,810
2021-08-15,Lombardia,,7423,,2082
2021-08-15,Marche,,1324,,819
2021-08-15,Molise,,280,,757
2021-08-15,Piemonte,,5064,,1729
2021-08-15,Puglia,0,1735,,2662
2021-08-15,Sardegna,,633,,189
2021-08-15,Sicilia,561,2580,,3649
2021-08-15,Toscana,,3425,,1377
2021-08-15,Trentino-Alto Adige,,948,,186
2021-08-15,Umbria,,991,,333
2021-08-15,Valle d'Aosta,,43,,22
2021-08-15,Veneto,,3691,,577
2021-08-31,Abruzzo,,1019,,515
2021-08-31,Basilicata,,876,,557
2021-08-31,Calabria,,1966,,2532
2021-08-31,Campania,,3343,,2008
2021-08-31,Emilia-Romagna,,5738,,2192
2021-08-31,Friuli-Venezia Giulia,,2648,,302
2021-08-31,Lazio,,4917,,1915
2021-08-31,Liguria,,2334,,810
2021-08-31,Lombardia,,7495,,2082
2021-08-31,Marche,,1344,,819
2021-08-31,Molise,,327,,757
2021-08-31,Piemonte,,5219,,1729
2021-08-31,Puglia,0,1830,,2662
2021-08-31,Sardegna,,598,,189
2021-08-31,Sicilia,688,2645,,3649
2021-08-31,Toscana,,3439,,1377
2021-08-31,Trentino-Alto Adige,,934,,186
2021-08-31,Umbria,,979,,333
2021-08-31,Valle d'Aosta,,42,,22
2021-08-31,Veneto,,3705,,577
2021-09-15,Abruzzo,,1065,,527
2021-09-15,Basilicata,,981,,574
2021-09-15,Calabria,,2041,,2353
2021-09-15,Campania,,3418,,2076
2021-09-15,Emilia-Romagna,,5899,,2208
2021-09-15,Friuli-Venezia Giulia,,2663,,303
2021-09-15,Lazio,,4998,,1912
2021-09-15,Liguria,,2363,,832
2021-09-15,Lombardia,,7754,,2327
2021-09-15,Marche,,1439,,908
2021-09-15,Molise,,384,,749
2021-09-15,Piemonte,,5556,,1796
2021-09-15,Puglia,0,1725,,2662
2021-09-15,Sardegna,,726,,192
2021-09-15,Sicilia,891,2542,,3968
2021-09-15,Toscana,,3614,,1370
2021-09-15,Trentino-Alto Adige,,940,,186
2021-09-15,Umbria,,1027,,332
2021-09-15,Valle d'Aosta,,42,,20
2021-09-15,Veneto,,3712,,578
2021-09-30,Abruzzo,,1203,,527
2021-09-30,Basilicata,,967,,574
2021-09-30,Calabria,,2071,,2353
2021-09-30,Campania,,3407,,2076
2021-09-30,Emilia-Romagna,,5943,,2208
2021-09-30,Friuli-Venezia Giulia,,2713,,303
2021-09-30,Lazio,,5052,,1912
2021-09-30,Liguria,,2394,,832
2021-09-30,Lombardia,,7856,,2327
2021-09-30,Marche,,1537,,908
2021-09-30,Molise,,402,,749
2021-09-30,Piemonte,,5576,,1796
2021-09-30,Puglia,0,1688,,2662
2021-09-30,Sardegna,,758,,192
2021-09-30,Sicilia,955,2612,,3968
2021-09-30,Toscana,,3606,,1370
2021-09-30,Trentino-Alto Adige,,945,,186
2021-09-30,Umbria,,1079,,332
2021-09-30,Valle d'Aosta,,42,,20
2021-09-30,Veneto,,3729,,578
2021-10-15,Abruzzo,,1177,,555
2021-10-15,Basilicata,,980,,590
2021-10-15,Calabria,,1829,,2410
2021-10-15,Campania,,3433,,2071
2021-10-15,Emilia-Romagna,,5877,,2220
2021-10-15,Friuli-Venezia Giulia,,2705,,297
2021-10-15,Lazio,,5042,,1976
2021-10-15,Liguria,,2390,,847
2021-10-15,Lombardia,,8003,,2308
2021-10-15,Marche,,1555,,924
2021-10-15,Molise,,401,,743
2021-10-15,Piemonte,,5596,,1799
2021-10-15,Puglia,212,1686,,2698
2021-10-15,Sardegna,,784,,205
2021-10-15,Sicilia,270,2439,,3995
2021-10-15,Toscana,,3656,,1387
2021-10-15,Trentino-Alto Adige,,918,,187
2021-10-15,Umbria,,1146,,328
2021-10-15,Valle d'Aosta,,44,,20
2021-10-15,Veneto,,3755,,576
2021-10-31,Abruzzo,,1187,,555
2021-10-31,Basilicata,,940,,590
2021-10-31,Calabria,,2105,,2410
2021-10-31,Campania,,3424,,2071
2021-10-31,Emilia-Romagna,,5797,,2220
2021-10-31,Friuli-Venezia Giulia,,2729,,297
2021-10-31,Lazio,,4984,,1976
2021-10-31,Liguria,,2454,,847
2021-10-31,Lombardia,,8004,,2308
2021-10-31,Marche,,1582,,924
2021-10-31,Molise,,404,,743
2021-10-31,Piemonte,,5586,,1799
2021-10-31,Puglia,269,1758,,2698
2021-10-31,Sardegna,,923,,205
2021-10-31,Sicilia,188,2474,,3995
2021-10-31,Toscana,,3618,,1387
2021-10-31,Trentino-Alto Adige,,943,,187
2021-10-31,Umbria,,1167,,328
2021-10-31,Valle d'Aosta,,44,,20
2021-10-31,Veneto,,3770,,576
2021-11-15,Abruzzo,,1214,,557
2021-11-15,Basilicata,,896,,588
2021-11-15,Calabria,,1988,,2194
2021-11-15,Campania,,3411,,2090
2021-11-15,Emilia-Romagna,,5722,,2274
2021-11-15,Friuli-Venezia Giulia,,2764,,286
2021-11-15,Lazio,,4950,,1901
2021-11-15,Liguria,,2417,,846
2021-11-15,Lombardia,,7984,,2051
2021-11-15,Marche,,1604,,908
2021-11-15,Molise,,432,,694
2021-11-15,Piemonte,,5626,,1755
2021-11-15,Puglia,69,1749,,2545
2021-11-15,Sardegna,,742,,205
2021-11-15,Sicilia,598,2414,,3872
2021-11-15,Toscana,,3638,,1374
2021-11-15,Trentino-Alto Adige,,935,,179
2021-11-15,Umbria,,1164,,332
2021-11-15,Valle d'Aosta,,39,,20
2021-11-15,Veneto,,3798,,550
2021-11-30,Abruzzo,,1192,,557
2021-11-30,Basilicata,,943,,588
2021-11-30,Calabria,,2073,,2194
2021-11-30,Campania,,3262,,2090
2021-11-30,Emilia-Romagna,,5652,,2274
2021-11-30,Friuli-Venezia Giulia,,2797,,286
2021-11-30,Lazio,,5003,,1901
2021-11-30,Liguria,,2408,,846
2021-11-30,Lombardia,,8038,,2051
2021-11-30,Marche,,1643,,908
2021-11-30,Molise,,385,,694
2021-11-30,Piemonte,,5719,,1755
2021-11-30,Puglia,277,1831,,2545
2021-11-30,Sardegna,,802,,205
2021-11-30,Sicilia,504,2387,,3872
2021-11-30,Toscana,,3690,,1374
2021-11-30,Trentino-Alto Adige,,932,,179
2021-11-30,Umbria,,1170,,332
2021-11-30,Valle d'Aosta,,36,,20
2021-11-30,Veneto,,3701,,550
2021-12-15,Abruzzo,,1231,,569
2021-12-15,Basilicata,,995,,583
2021-12-15,Calabria,,1325,,2313
2021-12-15,Campania,,3202,,2240
2021-12-15,Emilia-Romagna,,5687,,2263
2021-12-15,Friuli-Venezia Giulia,,2679,,287
2021-12-15,Lazio,,4938,,2002
2021-12-15,Liguria,,2487,,839
2021-12-15,Lombardia,,8065,,2049
2021-12-15,Marche,,1630,,914
2021-12-15,Molise,,390,,688
2021-12-15,Piemonte,,5413,,1811
2021-12-15,Puglia,50,1616,,2567
2021-12-15,Sardegna,,674,,225
2021-12-15,Sicilia,51,2272,,3874
2021-12-15,Toscana,,3733,,1381
2021-12-15,Trentino-Alto Adige,,924,,182
2021-12-15,Umbria,,1196,,346
2021-12-15,Valle d'Aosta,,33,,25
2021-12-15,Veneto,,3695,,557
2021-12-31,Abruzzo,,1229,,569
2021-12-31,Basilicata,,943,,583
2021-12-31,Calabria,,1901,,2313
2021-12-31,Campania,,3058,,2240
2021-12-31,Emilia-Romagna,,5588,,2263
2021-12-31,Friuli-Venezia Giulia,,2610,,287
2021-12-31,Lazio,,4811,,2002
2021-12-31,Liguria,,2467,,839
2021-12-31,Lombardia,,7899,,2049
2021-12-31,Marche,,1598,,914
2021-12-31,Molise,,374,,688
2021-12-31,Piemonte,,5394,,1811
2021-12-31,Puglia,219,1734,,2567
2021-12-31,Sardegna,,816,,225
2021-12-31,Sicilia,179,2364,,3874
2021-12-31,Toscana,,3709,,1381
2021-12-31,Trentino-Alto Adige,,925,,182
2021-12-31,Umbria,,1178,,346
2021-12-31,Valle d'Aosta,,35,,25
2021-12-31,Veneto,,3675,,557
2022-01-15,Abruzzo,,1240,,579
2022-01-15,Basilicata,,956,,628
2022-01-15,Calabria,,1474,,2397
2022-01-15,Campania,,3100,,2227
2022-01-15,Emilia-Romagna,,5585,,2133
2022-01-15,Friuli-Venezia Giulia,,2584,,291
2022-01-15,Lazio,,4819,,2083
2022-01-15,Liguria,,2514,,837
2022-01-15,Lombardia,,7801,,2014
2022-01-15,Marche,,1578,,914
2022-01-15,Molise,,362,,719
2022-01-15,Piemonte,,5376,,1841
2022-01-15,Puglia,167,1554,,2612
2022-01-15,Sardegna,,735,,216
2022-01-15,Sicilia,90,2487,,3963
2022-01-15,Toscana,,3707,,1371
2022-01-15,Trentino-Alto Adige,,921,,176
2022-01-15,Umbria,,1152,,348
2022-01-15,Valle d'Aosta,,33,,25
2022-01-15,Veneto,,3683,,564
2022-01-31,Abruzzo,,1215,,579
2022-01-31,Basilicata,,956,,628
2022-01-31,Calabria,,1226,,2397
2022-01-31,Campania,,3020,,2227
2022-01-31,Emilia-Romagna,,5530,,2133
2022-01-31,Friuli-Venezia Giulia,,2554,,291
2022-01-31,Lazio,,4806,,2083
2022-01-31,Liguria,,2524,,837
2022-01-31,Lombardia,,7737,,2014
2022-01-31,Marche,,1555,,914
2022-01-31,Molise,,370,,719
2022-01-31,Piemonte,,5247,,1841
2022-01-31,Puglia,62,1592,,2612
2022-01-31,Sardegna,,693,,216
2022-01-31,Sicilia,361,2345,,3963
2022-01-31,Toscana,,3667,,1371
2022-01-31,Trentino-Alto Adige,,925,,176
2022-01-31,Umbria,,1150,,348
2022-01-31,Valle d'Aosta,,31,,25
2022-01-31,Veneto,,3571,,564
2022-02-15,Abruzzo,,1216,,579
2022-02-15,Basilicata,,986,,670
2022-02-15,Calabria,,1260,,2458
2022-02-15,Campania,,2950,,2336
2022-02-15,Emilia-Romagna,,5541,,2323
2022-02-15,Friuli-Venezia Giulia,,2527,,292
2022-02-15,Lazio,,4834,,2039
2022-02-15,Liguria,,2551,,835
2022-02-15,Lombardia,,7717,,2099
2022-02-15,Marche,,1590,,919
2022-02-15,Molise,,368,,731
2022-02-15,Piemonte,,5276,,1831
2022-02-15,Puglia,0,1591,,2610
2022-02-15,Sardegna,,596,,219
2022-02-15,Sicilia,158,2269,,4059
2022-02-15,Toscana,,3613,,1407
2022-02-15,Trentino-Alto Adige,,930,,180
2022-02-15,Umbria,,1155,,348
2022-02-15,Valle d'Aosta,,29,,23
2022-02-15,Veneto,,3627,,570
2022-02-28,Abruzzo,,1238,,579
2022-02-28,Basilicata,,965,,670
2022-02-28,Calabria,,1407,,2458
2022-02-28,Campania,,2881,,2336
2022-02-28,Emilia-Romagna,,5476,,2323
2022-02-28,Friuli-Venezia Giulia,,2558,,292
2022-02-28,Lazio,,4748,,2039
2022-02-28,Liguria,,2528,,835
2022-02-28,Lombardia,,7624,,2099
2022-02-28,Marche,,1588,,919
2022-02-28,Molise,,359,,731
2022-02-28,Piemonte,,5250,,1831
2022-02-28,Puglia,0,1517,,2610
2022-02-28,Sardegna,,580,,219
2022-02-28,Sicilia,81,2334,,4059
2022-02-28,Toscana,,3592,,1407
2022-02-28,Trentino-Alto Adige,,920,,180
2022-02-28,Umbria,,1154,,348
2022-02-28,Valle d'Aosta,,28,,23
2022-02-28,Veneto,,3611,,570
2022-03-15,Abruzzo,,1286,,583
2022-03-15,Basilicata,,958,,672
2022-03-15,Calabria,,1330,,2406
2022-03-15,Campania,,2794,,2514
2022-03-15,Emilia-Romagna,,5820,,2391
2022-03-15,Friuli-Venezia Giulia,,2580,,294
2022-03-15,Lazio,,4708,,2124
2022-03-15,Liguria,,2511,,843
2022-03-15,Lombardia,,7609,,2156
2022-03-15,Marche,,1525,,1039
2022-03-15,Molise,,362,,734
2022-03-15,Piemonte,,5431,,1835
2022-03-15,Puglia,0,1502,,2662
2022-03-15,Sardegna,,573,,224
2022-03-15,Sicilia,62,2234,,4191
2022-03-15,Toscana,,3759,,1462
2022-03-15,Trentino-Alto Adige,,1057,,181
2022-03-15,Umbria,,1132,,368
2022-03-15,Valle d'Aosta,,30,,23
2022-03-15,Veneto,,3631,,583
2022-03-31,Abruzzo,,1353,,583
2022-03-31,Basilicata,,911,,672
2022-03-31,Calabria,,1169,,2406
2022-03-31,Campania,,2742,,2514
2022-03-31,Emilia-Romagna,,6197,,2391
2022-03-31,Friuli-Venezia Giulia,,2751,,294
2022-03-31,Lazio,,4792,,2124
2022-03-31,Liguria,,2801,,843
2022-03-31,Lombardia,,7661,,2156
2022-03-31,Marche,,1585,,1039
2022-03-31,Molise,,354,,734
2022-03-31,Piemonte,,5549,,1835
2022-03-31,Puglia,0,1532,,2662
2022-03-31,Sardegna,,563,,224
2022-03-31,Sicilia,2,1993,,4191
2022-03-31,Toscana,,4061,,1462
2022-03-31,Trentino-Alto Adige,,1176,,181
2022-03-31,Umbria,,1266,,368
2022-03-31,Valle d'Aosta,,39,,23
2022-03-31,Veneto,,3903,,583
2022-04-15,Abruzzo,,1347,,583
2022-04-15,Basilicata,,920,,657
2022-04-15,Calabria,,1329,,2595
2022-04-15,Campania,,2630,,2549
2022-04-15,Emilia-Romagna,,6435,,2484
2022-04-15,Friuli-Venezia Giulia,,2784,,297
2022-04-15,Lazio,,4940,,2247
2022-04-15,Liguria,,2942,,882
2022-04-15,Lombardia,,7722,,2213
2022-04-15,Marche,,1636,,1070
2022-04-15,Molise,,347,,722
2022-04-15,Piemonte,,5889,,1936
2022-04-15,Puglia,0,1571,,2761
2022-04-15,Sardegna,,606,,220
2022-04-15,Sicilia,349,1919,,4317
2022-04-15,Toscana,,4187,,1562
2022-04-15,Trentino-Alto Adige,,1281,,187
2022-04-15,Umbria,,1346,,381
2022-04-15,Valle d'Aosta,,44,,20
2022-04-15,Veneto,,4018,,589
2022-04-30,Abruzzo,,1357,,230
2022-04-30,Basilicata,,924,,1602
2022-04-30,Calabria,,1269,,2416
2022-04-30,Campania,,2591,,2308
2022-04-30,Emilia-Romagna,,6814,,632
2022-04-30,Friuli-Venezia Giulia,,2900,,1968
2022-04-30,Lazio,,4994,,2568
2022-04-30,Liguria,,3081,,755
2022-04-30,Lombardia,,7439,,594
2022-04-30,Marche,,1682,,2727
2022-04-30,Molise,,418,,368
2022-04-30,Piemonte,,5919,,2640
2022-04-30,Puglia,0,1544,,1084
2022-04-30,Sardegna,,609,,28
2022-04-30,Sicilia,78,2076,,2540
2022-04-30,Toscana,,4338,,295
2022-04-30,Trentino-Alto Adige,,1333,,186
2022-04-30,Umbria,,1376,,4318
2022-04-30,Valle d'Aosta,,44,,605
2022-04-30,Veneto,,4202,,909
2022-05-15,Abruzzo,,1455,,594
2022-05-15,Basilicata,,956,,632
2022-05-15,Calabria,,1301,,2640
2022-05-15,Campania,,2611,,2568
2022-05-15,Emilia-Romagna,,6738,,2540
2022-05-15,Friuli-Venezia Giulia,,3020,,295
2022-05-15,Lazio,,5119,,2308
2022-05-15,Liguria,,3104,,909
2022-05-15,Lombardia,,7720,,2416
2022-05-15,Marche,,1678,,1084
2022-05-15,Molise,,404,,755
2022-05-15,Piemonte,,5905,,1968
2022-05-15,Puglia,0,1577,,2727
2022-05-15,Sardegna,,667,,230
2022-05-15,Sicilia,885,2221,,4318
2022-05-15,Toscana,,4439,,1602
2022-05-15,Trentino-Alto Adige,,1405,,186
2022-05-15,Umbria,,1383,,368
2022-05-15,Valle d'Aosta,,41,,28
2022-05-15,Veneto,,4252,,605
2022-05-31,Abruzzo,,1469,,594
2022-05-31,Basilicata,,932,,632
2022-05-31,Calabria,,1258,,2640
2022-05-31,Campania,,2623,,2568
2022-05-31,Emilia-Romagna,,6808,,2540
2022-05-31,Friuli-Venezia Giulia,,3095,,295
2022-05-31,Lazio,,5475,,2308
2022-05-31,Liguria,,3156,,909
2022-05-31,Lombardia,,7807,,2416
2022-05-31,Marche,,1820,,1084
2022-05-31,Molise,,425,,755
2022-05-31,Piemonte,,5940,,1968
2022-05-31,Puglia,12,1672,,2727
2022-05-31,Sardegna,,703,,230
2022-05-31,Sicilia,532,2807,,4318
2022-05-31,Toscana,,4554,,1602
2022-05-31,Trentino-Alto Adige,,1425,,186
2022-05-31,Umbria,,1547,,368
2022-05-31,Valle d'Aosta,,38,,28
2022-05-31,Veneto,,4791,,605
2022-06-15,Abruzzo,,1458,,619
2022-06-15,Basilicata,,951,,698
2022-06-15,Calabria,,1234,,2635
2022-06-15,Campania,,2602,,2591
2022-06-15,Emilia-Romagna,,6765,,2695
2022-06-15,Friuli-Venezia Giulia,,3245,,288
2022-06-15,Lazio,,5559,,2338
2022-06-15,Liguria,,3292,,937
2022-06-15,Lombardia,,7832,,2474
2022-06-15,Marche,,1905,,1125
2022-06-15,Molise,,480,,767
2022-06-15,Piemonte,,6001,,2027
2022-06-15,Puglia,111,1653,,2792
2022-06-15,Sardegna,,705,,239
2022-06-15,Sicilia,638,2397,,4488
2022-06-15,Toscana,,4645,,1589
2022-06-15,Trentino-Alto Adige,,1498,,180
2022-06-15,Umbria,,1541,,406
2022-06-15,Valle d'Aosta,,36,,28
2022-06-15,Veneto,,4842,,612
2022-06-30,Abruzzo,,1462,,619
2022-06-30,Basilicata,,1033,,698
2022-06-30,Calabria,,1253,,2635
2022-06-30,Campania,,2618,,2591
2022-06-30,Emilia-Romagna,,6794,,2695
2022-06-30,Friuli-Venezia Giulia,,3533,,288
2022-06-30,Lazio,,5666,,2338
2022-06-30,Liguria,,3345,,937
2022-06-30,Lombardia,,7869,,2474
2022-06-30,Marche,,1921,,1125
2022-06-30,Molise,,601,,767
2022-06-30,Piemonte,,6081,,2027
2022-06-30,Puglia,125,1752,,2792
2022-06-30,Sardegna,,712,,239
2022-06-30,Sicilia,298,2479,,4488
2022-06-30,Toscana,,4873,,1589
2022-06-30,Trentino-Alto Adige,,1521,,180
2022-06-30,Umbria,,1519,,406
2022-06-30,Valle d'Aosta,,40,,28
2022-06-30,Veneto,,4874,,612
2022-07-15,Abruzzo,,1563,,635
2022-07-15,Basilicata,,1053,,683
2022-07-15,Calabria,,1451,,2757
2022-07-15,Campania,,2569,,2707
2022-07-15,Emilia-Romagna,,6896,,2776
2022-07-15,Friuli-Venezia Giulia,,3858,,286
2022-07-15,Lazio,,5771,,2517
2022-07-15,Liguria,,3485,,948
2022-07-15,Lombardia,,7929,,2705
2022-07-15,Marche,,1973,,1125
2022-07-15,Molise,,612,,790
2022-07-15,Piemonte,,5941,,2025
2022-07-15,Puglia,280,1704,,2774
2022-07-15,Sardegna,,718,,245
2022-07-15,Sicilia,409,2803,,4579
2022-07-15,Toscana,,4954,,1627
2022-07-15,Trentino-Alto Adige,,1539,,164
2022-07-15,Umbria,,1540,,402
2022-07-15,Valle d'Aosta,,38,,28
2022-07-15,Veneto,,4990,,621
2022-07-31,Abruzzo,,1544,,635
2022-07-31,Basilicata,,1110,,683
2022-07-31,Calabria,,1776,,2757
2022-07-31,Campania,,2662,,2707
2022-07-31,Emilia-Romagna,,6996,,2776
2022-07-31,Friuli-Venezia Giulia,,4005,,286
2022-07-31,Lazio,,5840,,2517
2022-07-31,Liguria,,3248,,948
2022-07-31,Lombardia,,8046,,2705
2022-07-31,Marche,,2012,,1125
2022-07-31,Molise,,632,,790
2022-07-31,Piemonte,,6015,,2025
2022-07-31,Puglia,338,1681,,2774
2022-07-31,Sardegna,,730,,245
2022-07-31,Sicilia,2059,2939,,4579
2022-07-31,Toscana,,5018,,1627
2022-07-31,Trentino-Alto Adige,,1570,,164
2022-07-31,Umbria,,1544,,402
2022-07-31,Valle d'Aosta,,57,,28
2022-07-31,Veneto,,5120,,621
2022-08-15,Abruzzo,,1571,,682
2022-08-15,Basilicata,,1100,,695
2022-08-15,Calabria,260,2045,,2819
2022-08-15,Campania,,2709,,2849
2022-08-15,Emilia-Romagna,,7035,,2797
2022-08-15,Friuli-Venezia Giulia,,4371,,282
2022-08-15,Lazio,,5779,,2530
2022-08-15,Liguria,,3538,,952
2022-08-15,Lombardia,,8039,,2795
2022-08-15,Marche,,2106,,1150
2022-08-15,Molise,,711,,828
2022-08-15,Piemonte,,6145,,2086
2022-08-15,Puglia,,1584,,2810
2022-08-15,Sardegna,,765,,244
2022-08-15,Sicilia,584,3292,,4525
2022-08-15,Toscana,,5054,,1620
2022-08-15,Trentino-Alto Adige,,1580,,211
2022-08-15,Umbria,,1518,,406
2022-08-15,Valle d'Aosta,,55,,32
2022-08-15,Veneto,,5120,,619
2022-08-31,Abruzzo,,1639,,682
2022-08-31,Basilicata,,1117,,695
2022-08-31,Calabria,,2300,,2819
2022-08-31,Campania,,2915,,2849
2022-08-31,Emilia-Romagna,,7137,,2797
2022-08-31,Friuli-Venezia Giulia,,4577,,282
2022-08-31,Lazio,,5880,,2530
2022-08-31,Liguria,,3680,,952
2022-08-31,Lombardia,,8196,,2795
2022-08-31,Marche,,2170,,1150
2022-08-31,Molise,,693,,828
2022-08-31,Piemonte,,6185,,2086
2022-08-31,Puglia,309,1722,,2810
2022-08-31,Sardegna,,908,,244
2022-08-31,Sicilia,1385,3371,,4525
2022-08-31,Toscana,,5048,,1620
2022-08-31,Trentino-Alto Adige,,1585,,211
2022-08-31,Umbria,,1589,,406
2022-08-31,Valle d'Aosta,,67,,32
2022-08-31,Veneto,,5335,,619
2022-09-15,Abruzzo,,1702,,699
2022-09-15,Basilicata,,1144,,717
2022-09-15,Calabria,,1844,,2885
2022-09-15,Campania,,3081,,2971
2022-09-15,Emilia-Romagna,,7153,,2960
2022-09-15,Friuli-Venezia Giulia,,4654,,276
2022-09-15,Lazio,,5997,,2538
2022-09-15,Liguria,,3725,,972
2022-09-15,Lombardia,,8600,,2745
2022-09-15,Marche,,2219,,1150
2022-09-15,Molise,,686,,856
2022-09-15,Piemonte,,6340,,2116
2022-09-15,Puglia,27,1686,,2979
2022-09-15,Sardegna,,844,,243
2022-09-15,Sicilia,1370,3361,,4663
2022-09-15,Toscana,,5067,,1672
2022-09-15,Trentino-Alto Adige,,1587,,213
2022-09-15,Umbria,,1562,,422
2022-09-15,Valle d'Aosta,,84,,31
2022-09-15,Veneto,,5329,,625
2022-09-30,Abruzzo,,1770,,699
2022-09-30,Basilicata,,1165,,717
2022-09-30,Calabria,,1837,,2885
2022-09-30,Campania,,3321,,2971
2022-09-30,Emilia-Romagna,,7250,,2960
2022-09-30,Friuli-Venezia Giulia,,4499,,276
2022-09-30,Lazio,,6054,,2538
2022-09-30,Liguria,,3718,,972
2022-09-30,Lombardia,,8454,,2745
2022-09-30,Marche,,2175,,1150
2022-09-30,Molise,,701,,856
2022-09-30,Piemonte,,6498,,2116
2022-09-30,Puglia,54,1953,,2979
2022-09-30,Sardegna,,849,,243
2022-09-30,Sicilia,351,3353,,4663
2022-09-30,Toscana,,5228,,1672
2022-09-30,Trentino-Alto Adige,,1552,,213
2022-09-30,Umbria,,1581,,422
2022-09-30,Valle d'Aosta,,90,,31
2022-09-30,Veneto,,5410,,625
2022-10-15,Abruzzo,,1753,,719
2022-10-15,Basilicata,,1169,,720
2022-10-15,Calabria,,1756,,2856
2022-10-15,Campania,,3315,,3007
2022-10-15,Emilia-Romagna,,7215,,3000
2022-10-15,Friuli-Venezia Giulia,,4317,,264
2022-10-15,Lazio,,6207,,2598
2022-10-15,Liguria,,3738,,982
2022-10-15,Lombardia,,8453,,2843
2022-10-15,Marche,,2140,,1188
2022-10-15,Molise,,707,,882
2022-10-15,Piemonte,,6536,,2167
2022-10-15,Puglia,0,1713,,3104
2022-10-15,Sardegna,,974,,257
2022-10-15,Sicilia,719,3353,,4830
2022-10-15,Toscana,,5206,,1674
2022-10-15,Trentino-Alto Adige,,1552,,213
2022-10-15,Umbria,,1582,,426
2022-10-15,Valle d'Aosta,,99,,31
2022-10-15,Veneto,,5326,,636
2022-10-31,Abruzzo,,1841,,719
2022-10-31,Basilicata,,1191,,720
2022-10-31,Calabria,,2710,,2856
2022-10-31,Campania,,3453,,3007
2022-10-31,Emilia-Romagna,,7274,,3000
2022-10-31,Friuli-Venezia Giulia,,4311,,264
2022-10-31,Lazio,,6237,,2598
2022-10-31,Liguria,,3840,,982
2022-10-31,Lombardia,,8564,,2843
2022-10-31,Marche,,2207,,1188
2022-10-31,Molise,,710,,882
2022-10-31,Piemonte,,6571,,2167
2022-10-31,Puglia,239,1875,,3104
2022-10-31,Sardegna,,920,,257
2022-10-31,Sicilia,1563,3456,,4830
2022-10-31,Toscana,,5183,,1674
2022-10-31,Trentino-Alto Adige,,1527,,213
2022-10-31,Umbria,,1605,,426
2022-10-31,Valle d'Aosta,,100,,31
2022-10-31,Veneto,,5387,,636
2022-11-15,Abruzzo,,1873,,766
2022-11-15,Basilicata,,1251,,730
2022-11-15,Calabria,,2415,,2879
2022-11-15,Campania,,3616,,3080
2022-11-15,Emilia-Romagna,,7375,,3028
2022-11-15,Friuli-Venezia Giulia,,4448,,262
2022-11-15,Lazio,,6399,,2656
2022-11-15,Liguria,,3866,,1012
2022-11-15,Lombardia,,8920,,3017
2022-11-15,Marche,,2247,,1219
2022-11-15,Molise,,712,,875
2022-11-15,Piemonte,,6789,,2238
2022-11-15,Puglia,90,1829,,3037
2022-11-15,Sardegna,,1081,,251
2022-11-15,Sicilia,1242,3560,,4875
2022-11-15,Toscana,,5353,,1709
2022-11-15,Trentino-Alto Adige,,1522,,208
2022-11-15,Umbria,,1640,,425
2022-11-15,Valle d'Aosta,,100,,31
2022-11-15,Veneto,,5506,,719
2022-11-30,Abruzzo,,1857,,766
2022-11-30,Basilicata,,1233,,730
2022-11-30,Calabria,,2227,,2879
2022-11-30,Campania,,3750,,3080
2022-11-30,Emilia-Romagna,,7428,,3028
2022-11-30,Friuli-Venezia Giulia,,4265,,262
2022-11-30,Lazio,,6631,,2656
2022-11-30,Liguria,,3890,,1012
2022-11-30,Lombardia,,9107,,3017
2022-11-30,Marche,,2230,,1219
2022-11-30,Molise,,716,,875
2022-11-30,Piemonte,,6902,,2238
2022-11-30,Puglia,93,1826,,3037
2022-11-30,Sardegna,,1183,,251
2022-11-30,Sicilia,361,3516,,4875
2022-11-30,Toscana,,5409,,1709
2022-11-30,Trentino-Alto Adige,,1499,,208
2022-11-30,Umbria,,1645,,425
2022-11-30,Valle d'Aosta,,100,,31
2022-11-30,Veneto,,5615,,719
2022-12-15,Abruzzo,,1883,,822
2022-12-15,Basilicata,,1256,,734
2022-12-15,Calabria,,2185,,2906
2022-12-15,Campania,,3697,,3128
2022-12-15,Emilia-Romagna,,7358,,3040
2022-12-15,Friuli-Venezia Giulia,,4225,,253
2022-12-15,Lazio,,6547,,2737
2022-12-15,Liguria,,3894,,1019
2022-12-15,Lombardia,,9152,,3056
2022-12-15,Marche,,2225,,1212
2022-12-15,Molise,,719,,870
2022-12-15,Piemonte,,6931,,2260
2022-12-15,Puglia,105,1872,,3014
2022-12-15,Sardegna,,1160,,259
2022-12-15,Sicilia,1171,3379,,4991
2022-12-15,Toscana,,5397,,1737
2022-12-15,Trentino-Alto Adige,,1509,,205
2022-12-15,Umbria,,1657,,436
2022-12-15,Valle d'Aosta,,101,,31
2022-12-15,Veneto,,5663,,729
2022-12-31,Abruzzo,,1902,,822
2022-12-31,Basilicata,,1362,,734
2022-12-31,Calabria,,2159,,2906
2022-12-31,Campania,,3767,,3128
2022-12-31,Emilia-Romagna,,7463,,3040
2022-12-31,Friuli-Venezia Giulia,,4211,,253
2022-12-31,Lazio,,6599,,2737
2022-12-31,Liguria,,3911,,1019
2022-12-31,Lombardia,,9223,,3056
2022-12-31,Marche,,2322,,1212
2022-12-31,Molise,,721,,870
2022-12-31,Piemonte,,7062,,2260
2022-12-31,Puglia,141,1853,,3014
2022-12-31,Sardegna,,1280,,259
2022-12-31,Sicilia,1806,3538,,4991
2022-12-31,Toscana,,5378,,1737
2022-12-31,Trentino-Alto Adige,,1558,,205
2022-12-31,Umbria,,1684,,436
2022-12-31,Valle d'Aosta,,100,,31
2022-12-31,Veneto,,5789,,729
2023-01-15,Abruzzo,,1993,,841
2023-01-15,Basilicata,,1352,,764
2023-01-15,Calabria,,2140,,2976
2023-01-15,Campania,,3930,,3102
2023-01-15,Emilia-Romagna,,7564,,3040
2023-01-15,Friuli-Venezia Giulia,,4246,,239
2023-01-15,Lazio,,6818,,2762
2023-01-15,Liguria,,3974,,1025
2023-01-15,Lombardia,,9517,,3063
2023-01-15,Marche,,2348,,1255
2023-01-15,Molise,,883,,892
2023-01-15,Piemonte,,7381,,2293
2023-01-15,Puglia,79,1841,,3157
2023-01-15,Sardegna,,1155,,253
2023-01-15,Sicilia,838,3493,,5042
2023-01-15,Toscana,,5552,,1747
2023-01-15,Trentino-Alto Adige,,1559,,204
2023-01-15,Umbria,,1749,,434
2023-01-15,Valle d'Aosta,,103,,31
2023-01-15,Veneto,,5916,,728
2023-01-31,Abruzzo,,1996,,841
2023-01-31,Basilicata,,1344,,764
2023-01-31,Calabria,,1990,,2976
2023-01-31,Campania,,3919,,3102
2023-01-31,Emilia-Romagna,,7456,,3040
2023-01-31,Friuli-Venezia Giulia,,4225,,239
2023-01-31,Lazio,,6736,,2762
2023-01-31,Liguria,,3936,,1025
2023-01-31,Lombardia,,9364,,3063
2023-01-31,Marche,,2306,,1255
2023-01-31,Molise,,841,,892
2023-01-31,Piemonte,,7296,,2293
2023-01-31,Puglia,,1691,,3157
2023-01-31,Sardegna,,1105,,253
2023-01-31,Sicilia,145,3483,,5042
2023-01-31,Toscana,,5700,,1747
2023-01-31,Trentino-Alto Adige,,1624,,204
2023-01-31,Umbria,,1704,,434
2023-01-31,Valle d'Aosta,,103,,31
2023-01-31,Veneto,,5998,,728
2023-02-15,Abruzzo,,2100,,794
2023-02-15,Basilicata,,1321,,698
2023-02-15,Calabria,,1953,,2917
2023-02-15,Campania,,3852,,3120
2023-02-15,Emilia-Romagna,,7364,,3005
2023-02-15,Friuli-Venezia Giulia,,4126,,227
2023-02-15,Lazio,,6655,,2668
2023-02-15,Liguria,,3946,,1017
2023-02-15,Lombardia,,9217,,2966
2023-02-15,Marche,,2288,,1247
2023-02-15,Molise,,825,,847
2023-02-15,Piemonte,,7232,,2174
2023-02-15,Puglia,0,1715,,3142
2023-02-15,Sardegna,,1081,,257
2023-02-15,Sicilia,721,3270,,5041
2023-02-15,Toscana,,5741,,1728
2023-02-15,Trentino-Alto Adige,,1638,,205
2023-02-15,Umbria,,1685,,425
2023-02-15,Valle d'Aosta,,103,,35
2023-02-15,Veneto,,5930,,731
2023-02-28,Abruzzo,,2193,,794
2023-02-28,Basilicata,,1379,,698
2023-02-28,Calabria,,2378,,2917
2023-02-28,Campania,,4139,,3120
2023-02-28,Emilia-Romagna,,7595,,3005
2023-02-28,Friuli-Venezia Giulia,,4021,,227
2023-02-28,Lazio,,6872,,2668
2023-02-28,Liguria,,4019,,1017
2023-02-28,Lombardia,,9433,,2966
2023-02-28,Marche,,2369,,1247
2023-02-28,Molise,,821,,847
2023-02-28,Piemonte,,7513,,2174
2023-02-28,Puglia,168,1993,,3142
2023-02-28,Sardegna,,1210,,257
2023-02-28,Sicilia,945,3339,,5041
2023-02-28,Toscana,,5982,,1728
2023-02-28,Trentino-Alto Adige,,1644,,205
2023-02-28,Umbria,,1742,,425
2023-02-28,Valle d'Aosta,,103,,35
2023-02-28,Veneto,,6192,,731
2023-03-15,Abruzzo,,2221,,848
2023-03-15,Basilicata,,1369,,702
2023-03-15,Calabria,,2554,,2988
2023-03-15,Campania,,4003,,3221
2023-03-15,Emilia-Romagna,,7672,,3128
2023-03-15,Friuli-Venezia Giulia,,3878,,235
2023-03-15,Lazio,,6936,,2695
2023-03-15,Liguria,,4076,,1026
2023-03-15,Lombardia,,9763,,2982
2023-03-15,Marche,,2359,,1271
2023-03-15,Molise,,802,,888
2023-03-15,Piemonte,,7642,,2189
2023-03-15,Puglia,177,1901,,3130
2023-03-15,Sardegna,,1272,,257
2023-03-15,Sicilia,1520,3241,,5128
2023-03-15,Toscana,,5982,,1719
2023-03-15,Trentino-Alto Adige,,1630,,207
2023-03-15,Umbria,,1730,,420
2023-03-15,Valle d'Aosta,,99,,37
2023-03-15,Veneto,,6183,,746
2023-03-31,Abruzzo,,2292,,848
2023-03-31,Basilicata,,1406,,702
2023-03-31,Calabria,,2452,,2988
2023-03-31,Campania,,4168,,3221
2023-03-31,Emilia-Romagna,,7990,,3128
2023-03-31,Friuli-Venezia Giulia,,3911,,235
2023-03-31,Lazio,,7271,,2695
2023-03-31,Liguria,,4158,,1026
2023-03-31,Lombardia,,10155,,2982
2023-03-31,Marche,,1918,,1271
2023-03-31,Molise,,810,,888
2023-03-31,Piemonte,,7814,,2189
2023-03-31,Puglia,162,1900,,3130
2023-03-31,Sardegna,,1400,,257
2023-03-31,Sicilia,860,3310,,5128
2023-03-31,Toscana,,6172,,1719
2023-03-31,Trentino-Alto Adige,,1629,,207
2023-03-31,Umbria,,1767,,420
2023-03-31,Valle d'Aosta,,107,,37
2023-03-31,Veneto,,6459,,746
2023-04-15,Abruzzo,,2414,,931
2023-04-15,Basilicata,,1447,,699
2023-04-15,Calabria,,2330,,3034
2023-04-15,Campania,,4396,,3545
2023-04-15,Emilia-Romagna,,8193,,3138
2023-04-15,Friuli-Venezia Giulia,,3964,,243
2023-04-15,Lazio,,7241,,2698
2023-04-15,Liguria,,4237,,1077
2023-04-15,Lombardia,,10364,,3047
2023-04-15,Marche,,2506,,1321
2023-04-15,Molise,,802,,881
2023-04-15,Piemonte,,7912,,2340
2023-04-15,Puglia,160,2043,,3065
2023-04-15,Sardegna,,1368,,274
2023-04-15,Sicilia,1325,3263,,5282
2023-04-15,Toscana,,6276,,1745
2023-04-15,Trentino-Alto Adige,,1605,,210
2023-04-15,Umbria,,1794,,437
2023-04-15,Valle d'Aosta,,109,,37
2023-04-15,Veneto,,6482,,737
2023-04-30,Abruzzo,,2442,,931
2023-04-30,Basilicata,,1421,,699
2023-04-30,Calabria,,2300,,3034
2023-04-30,Campania,,4562,,3545
2023-04-30,Emilia-Romagna,,8212,,3138
2023-04-30,Friuli-Venezia Giulia,,3956,,243
2023-04-30,Lazio,,7386,,2698
2023-04-30,Liguria,,4259,,1077
2023-04-30,Lombardia,,10499,,3047
2023-04-30,Marche,,2501,,1321
2023-04-30,Molise,,767,,881
2023-04-30,Piemonte,,7957,,2340
2023-04-30,Puglia,184,2170,,3065
2023-04-30,Sardegna,,1462,,274
2023-04-30,Sicilia,2680,3266,,5282
2023-04-30,Toscana,,6314,,1745
2023-04-30,Trentino-Alto Adige,,1588,,210
2023-04-30,Umbria,,1772,,437
2023-04-30,Valle d'Aosta,,107,,37
2023-04-30,Veneto,,6732,,737
2023-05-15,Abruzzo,,2478,,871
2023-05-15,Basilicata,,1427,,721
2023-05-15,Calabria,,2450,,3090
2023-05-15,Campania,,4736,,3514
2023-05-15,Emilia-Romagna,,8387,,3204
2023-05-15,Friuli-Venezia Giulia,,3944,,247
2023-05-15,Lazio,,7592,,2737
2023-05-15,Liguria,,4244,,1084
2023-05-15,Lombardia,,10839,,3112
2023-05-15,Marche,,2531,,1325
2023-05-15,Molise,,758,,899
2023-05-15,Piemonte,,8090,,2359
2023-05-15,Puglia,144,2284,,3149
2023-05-15,Sardegna,,1508,,278
2023-05-15,Sicilia,670,3423,,5425
2023-05-15,Toscana,,6596,,1778
2023-05-15,Trentino-Alto Adige,,1582,,210
2023-05-15,Umbria,,1787,,441
2023-05-15,Valle d'Aosta,,109,,37
2023-05-15,Veneto,,6798,,742
2023-05-31,Abruzzo,,2452,,871
2023-05-31,Basilicata,,1401,,721
2023-05-31,Calabria,,2339,,3090
2023-05-31,Campania,,4981,,3514
2023-05-31,Emilia-Romagna,,8206,,3204
2023-05-31,Friuli-Venezia Giulia,,4021,,247
2023-05-31,Lazio,,7631,,2737
2023-05-31,Liguria,,4235,,1084
2023-05-31,Lombardia,,10964,,3112
2023-05-31,Marche,,2395,,1325
2023-05-31,Molise,,765,,899
2023-05-31,Piemonte,,7961,,2359
2023-05-31,Puglia,196,2274,,3149
2023-05-31,Sardegna,,1608,,278
2023-05-31,Sicilia,594,3125,,5425
2023-05-31,Toscana,,6493,,1778
2023-05-31,Trentino-Alto Adige,,1578,,210
2023-05-31,Umbria,,1793,,441
2023-05-31,Valle d'Aosta,,109,,37
2023-05-31,Veneto,,6703,,742
2023-06-15,Abruzzo,,2493,,868
2023-06-15,Basilicata,,1417,,719
2023-06-15,Calabria,,2564,,2979
2023-06-15,Campania,,5196,,3515
2023-06-15,Emilia-Romagna,,8279,,3175
2023-06-15,Friuli-Venezia Giulia,,4122,,236
2023-06-15,Lazio,,7712,,2722
2023-06-15,Liguria,,4242,,1058
2023-06-15,Lombardia,,11258,,3110
2023-06-15,Marche,,2447,,1319
2023-06-15,Molise,,742,,866
2023-06-15,Piemonte,,8129,,2327
2023-06-15,Puglia,172,2395,,3003
2023-06-15,Sardegna,,1613,,277
2023-06-15,Sicilia,177,3569,,5451
2023-06-15,Toscana,,6661,,1773
2023-06-15,Trentino-Alto Adige,,1574,,210
2023-06-15,Umbria,,1791,,436
2023-06-15,Valle d'Aosta,,108,,36
2023-06-15,Veneto,,6724,,747
2023-06-30,Abruzzo,,2452,,871
2023-06-30,Basilicata,,1401,,721
2023-06-30,Calabria,,2339,,3090
2023-06-30,Campania,,4981,,3514
2023-06-30,Emilia-Romagna,,8206,,3204
2023-06-30,Friuli-Venezia Giulia,,4021,,247
2023-06-30,Lazio,,7631,,2737
2023-06-30,Liguria,,4235,,1084
2023-06-30,Lombardia,,10964,,3112
2023-06-30,Marche,,2395,,1325
2023-06-30,Molise,,765,,899
2023-06-30,Piemonte,,7961,,2359
2023-06-30,Puglia,178,2274,,3149
2023-06-30,Sardegna,,1608,,278
2023-06-30,Sicilia,3541,3125,,5425
2023-06-30,Toscana,,6493,,1778
2023-06-30,Trentino-Alto Adige,,1578,,210
2023-06-30,Umbria,,1793,,441
2023-06-30,Valle d'Aosta,,109,,37
2023-06-30,Veneto,,6703,,742
2023-07-15,Abruzzo,,2573,,871
2023-07-15,Basilicata,,1431,,726
2023-07-15,Calabria,,2791,,2948
2023-07-15,Campania,,5559,,3843
2023-07-15,Emilia-Romagna,,8834,,3125
2023-07-15,Friuli-Venezia Giulia,,4049,,247
2023-07-15,Lazio,,8272,,2699
2023-07-15,Liguria,,4290,,1043
2023-07-15,Lombardia,,12751,,3152
2023-07-15,Marche,,2608,,1312
2023-07-15,Molise,,786,,839
2023-07-15,Piemonte,,8451,,2333
2023-07-15,Puglia,157,2731,,3038
2023-07-15,Sardegna,,1683,,267
2023-07-15,Sicilia,2630,3782,,5447
2023-07-15,Toscana,,6887,,1770
2023-07-15,Trentino-Alto Adige,,1506,,210
2023-07-15,Umbria,,1830,,423
2023-07-15,Valle d'Aosta,,105,,34
2023-07-15,Veneto,,7141,,748
2023-07-31,Abruzzo,,2856,,871
2023-07-31,Basilicata,,1613,,726
2023-07-31,Calabria,,2974,,2948
2023-07-31,Campania,,5884,,3843
2023-07-31,Emilia-Romagna,,9333,,3125
2023-07-31,Friuli-Venezia Giulia,,4085,,247
2023-07-31,Lazio,,8518,,2699
2023-07-31,Liguria,,4397,,1043
2023-07-31,Lombardia,,13080,,3152
2023-07-31,Marche,,2742,,1312
2023-07-31,Molise,,875,,839
2023-07-31,Piemonte,,8756,,2333
2023-07-31,Puglia,223,3159,,3038
2023-07-31,Sardegna,,1893,,267
2023-07-31,Sicilia,1049,3925,,5447
2023-07-31,Toscana,,7281,,1770
2023-07-31,Trentino-Alto Adige,,1499,,210
2023-07-31,Umbria,,2199,,423
2023-07-31,Valle d'Aosta,,103,,34
2023-07-31,Veneto,,7383,,748
2023-08-15,Abruzzo,,3010,,864
2023-08-15,Basilicata,,1720,,733
2023-08-15,Calabria,,3157,,2935
2023-08-15,Campania,,6375,,3839
2023-08-15,Emilia-Romagna,,9387,,3185
2023-08-15,Friuli-Venezia Giulia,,4179,,230
2023-08-15,Lazio,,8572,,2407
2023-08-15,Liguria,,4648,,1025
2023-08-15,Lombardia,,13724,,3090
2023-08-15,Marche,,2750,,1315
2023-08-15,Molise,,875,,868
2023-08-15,Piemonte,,9234,,2342
2023-08-15,Puglia,170,3231,,3159
2023-08-15,Sardegna,,1838,,260
2023-08-15,Sicilia,2429,3997,,5332
2023-08-15,Toscana,,7601,,1798
2023-08-15,Trentino-Alto Adige,,1497,,203
2023-08-15,Umbria,,2102,,399
2023-08-15,Valle d'Aosta,,103,,27
2023-08-15,Veneto,,7436,,750
2023-08-31,Abruzzo,,3161,,864
2023-08-31,Basilicata,,1835,,733
2023-08-31,Calabria,,3587,,2935
2023-08-31,Campania,,6547,,3839
2023-08-31,Emilia-Romagna,,9713,,3185
2023-08-31,Friuli-Venezia Giulia,,4222,,230
2023-08-31,Lazio,,9265,,2407
2023-08-31,Liguria,,4707,,1025
2023-08-31,Lombardia,,14340,,3090
2023-08-31,Marche,,2843,,1315
2023-08-31,Molise,,935,,868
2023-08-31,Piemonte,,9720,,2342
2023-08-31,Puglia,226,3597,,3159
2023-08-31,Sardegna,,1916,,260
2023-08-31,Sicilia,1796,4135,,5332
2023-08-31,Toscana,,7759,,1798
2023-08-31,Trentino-Alto Adige,,1481,,203
2023-08-31,Umbria,,2277,,399
2023-08-31,Valle d'Aosta,,102,,27
2023-08-31,Veneto,,7707,,750
2023-09-15,Abruzzo,,3212,,869
2023-09-15,Basilicata,,1840,,721
2023-09-15,Calabria,,3703,,2938
2023-09-15,Campania,,6939,,3855
2023-09-15,Emilia-Romagna,,9723,,3221
2023-09-15,Friuli-Venezia Giulia,,4172,,230
2023-09-15,Lazio,,9360,,2412
2023-09-15,Liguria,,4774,,1025
2023-09-15,Lombardia,,14379,,3076
2023-09-15,Marche,,2806,,1337
2023-09-15,Molise,,935,,860
2023-09-15,Piemonte,,9676,,2331
2023-09-15,Puglia,215,3645,,3130
2023-09-15,Sardegna,,2111,,289
2023-09-15,Sicilia,5481,4003,,5304
2023-09-15,Toscana,,7893,,1789
2023-09-15,Trentino-Alto Adige,,1466,,203
2023-09-15,Umbria,,2204,,406
2023-09-15,Valle d'Aosta,,101,,27
2023-09-15,Veneto,,7792,,748
2023-09-30,Abruzzo,,3337,,869
2023-09-30,Basilicata,,1917,,721
2023-09-30,Calabria,,3987,,2938
2023-09-30,Campania,,7263,,3855
2023-09-30,Emilia-Romagna,,10127,,3221
2023-09-30,Friuli-Venezia Giulia,,4231,,230
2023-09-30,Lazio,,9705,,2412
2023-09-30,Liguria,,4881,,1025
2023-09-30,Lombardia,,14586,,3076
2023-09-30,Marche,,2931,,1337
2023-09-30,Molise,,935,,860
2023-09-30,Piemonte,,10065,,2331
2023-09-30,Puglia,227,4428,,3130
2023-09-30,Sardegna,,2232,,289
2023-09-30,Sicilia,372,4293,,5304
2023-09-30,Toscana,,8857,,1789
2023-09-30,Trentino-Alto Adige,,1474,,203
2023-09-30,Umbria,,2279,,406
2023-09-30,Valle d'Aosta,,105,,27
2023-09-30,Veneto,,8104,,748
2023-10-15,Abruzzo,,3459,,881
2023-10-15,Basilicata,,1940,,672
2023-10-15,Calabria,,4027,,2923
2023-10-15,Campania,,7441,,3796
2023-10-15,Emilia-Romagna,,9996,,3230
2023-10-15,Friuli-Venezia Giulia,,4253,,230
2023-10-15,Lazio,,9780,,2442
2023-10-15,Liguria,,4947,,1035
2023-10-15,Lombardia,,14662,,3067
2023-10-15,Marche,,2903,,1332
2023-10-15,Molise,,935,,848
2023-10-15,Piemonte,,9986,,2330
2023-10-15,Puglia,184,4300,,2953
2023-10-15,Sardegna,,2392,,283
2023-10-15,Sicilia,644,4259,,5151
2023-10-15,Toscana,,8659,,1771
2023-10-15,Trentino-Alto Adige,,1461,,199
2023-10-15,Umbria,,2305,,414
2023-10-15,Valle d'Aosta,,104,,34
2023-10-15,Veneto,,8102,,776
2023-10-31,Abruzzo,,3394,,881
2023-10-31,Basilicata,,1914,,672
2023-10-31,Calabria,,3696,,2923
2023-10-31,Campania,,7233,,3796
2023-10-31,Emilia-Romagna,,9771,,3230
2023-10-31,Friuli-Venezia Giulia,,4277,,230
2023-10-31,Lazio,,9791,,2442
2023-10-31,Liguria,,5044,,1035
2023-10-31,Lombardia,,14802,,3067
2023-10-31,Marche,,2845,,1332
2023-10-31,Molise,,1007,,848
2023-10-31,Piemonte,,10043,,2330
2023-10-31,Puglia,168,4137,,2953
2023-10-31,Sardegna,,2408,,283
2023-10-31,Sicilia,627,4213,,5151
2023-10-31,Toscana,,8539,,1771
2023-10-31,Trentino-Alto Adige,,1446,,199
2023-10-31,Umbria,,2313,,414
2023-10-31,Valle d'Aosta,,102,,34
2023-10-31,Veneto,,8705,,776
