cup,anno,importo_pagato
B11B23000110001,2025,11552.0
B12B22000110001,2022,6344.0
B12B22000110001,2023,12228.32
B12B22000110001,2024,26389.97
B12B22000110001,2025,29666.46
B12E20000110001,2025,2501.0
B12E20000110001,2026,11470.32
B12E20000160001,2025,38899.82
B12J20001210001,2021,9531.12
B12J20001210001,2023,12069.48
B13B19000290001,2023,5380.2
B13B19000290001,2025,5995.87
B13B20000190001,2023,22150.67
B13B20000190001,2024,12281.48
B13F21000070001,2022,761.28
B14F18000370002,2019,4694.56
B14J18000380005,2019,18036.32
B14J18000380005,2020,3111.0
B14J18000380005,2021,107860.23
B14J18000380005,2023,42194.1
B14J18000390001,2020,7706.4
B14J18000390001,2021,2496.0
B14J18000390001,2022,57678.14
B14J18000390001,2024,78029.55
B16I17000000002,2019,671.0
B17H18005890001,2022,6124.54
B17H18005890001,2024,967.2
B22E20000010001,2024,44647.6
B22E20000010001,2025,183530.8
B22J18000130002,2022,18493.33
B22J18000130002,2023,4602.22
B22J18000130002,2024,21998.03
B22J18000130002,2026,176740.96
B23B20000200001,2021,10391.61
B23B20000200001,2025,24678.55
B23B20000200001,2026,75197.26
B23D18000270001,2020,391420.98
B23D18000270001,2021,269631.2
B23D18000270001,2023,23533.73
B23D18000270001,2024,5114666.41
B23D18000270001,2025,5048648.29
B23D18000270001,2026,1921825.52
B24B19000330002,2022,17525.86
B24J18000230001,2020,52969.26
B24J18000230001,2021,78218.24
B24J18000230001,2023,722537.67
B24J18000230001,2024,119329.88
B25F22000550001,2022,82396.36
B25F22000550001,2023,477181.36
B25F22000550001,2024,767382.64
B25F22000550001,2025,156375.54
B26C23000130001,2024,70898.63
B26C23000130001,2026,4026.95
B27D18001170002,2017,43954.15
B28I17001280008,2019,134976.56
B28I17001280008,2020,5413175.5
B28I17001280008,2021,5258310.72
B28I17001280008,2022,6031456.51
B28I17001280008,2023,6934344.25
B28I17001280008,2023,10854888.27
B28I17001280008,2023,5466776.28
B28I17001280008,2024,2452550.69
B28I17001280008,2024,2864761.81
B28I17001280008,2024,821251.47
B28I17001280008,2025,1994693.05
B29C18000030001,2023,28953.82
B29C18000030001,2024,67870.0
B31B21006540004,2023,15.96
B31B21006540004,2025,115228.15
B31D18000040002,2019,55872.54
B31D18000040002,2020,30150.48
B32B21000030001,2021,5884.06
B32B21000030001,2023,42943.67
B32B21000030001,2024,131714.06
B32B21000030001,2025,239925.99
B32B21000030001,2026,371962.36
B32C21001430001,2023,541.63
B32C21001430001,2024,1843.51
B32F21000050001,2024,6033.05
B33B20000220002,2022,11803.11
B33G20007740002,2022,1282.24
B33H19000240002,2020,3591.39
B33H19000240002,2021,44947.5
B33H19000240002,2023,98230.92
B33H19000240002,2024,60583.7
B33H19000860001,2022,13904.33
B33H19000990001,2021,4183.47
B33H19000990001,2022,26824.66
B33H19000990001,2024,31367.8
B33H19000990001,2025,54623.99
B34B19000010002,2020,30707.01
B34B19000010002,2021,10269.52
B34B19000010002,2022,18795.34
B34B19000010002,2023,42422.7
B34B19000010002,2024,231261.61
B34B19000010002,2025,595046.26
B34B19000020002,2021,70886.81
B34B19000020002,2023,33553.36
B35H20000280001,2021,8540.0
B35H20000280001,2022,17417.0
B36J21000020001,2024,9849.73
B36J21000020001,2025,8287.54
B36J21000020001,2026,15327.88
B36J21000030001,2023,1713.66
B36J21000030001,2024,6113.15
B36J21000030001,2025,34853.91
B37H20001530002,2020,6896.81
B37H20001530002,2021,105726.51
B37H21004590001,2024,18015.09
B37H21004590001,2025,29528.71
B37H21004630001,2024,444.08
B37H21004640001,2024,444.08
B38D18000020002,2020,1570.62
B38D18000020002,2021,89219.63
B38D18000020002,2022,28932.44
B38D18000020002,2023,167569.32
B38D18000020002,2024,910094.32
B38D18000020002,2025,1493430.97
B39G18000000002,2020,13523.38
B39G18000000002,2021,44809.97
B39G18000000002,2022,54093.49
B39G18000000002,2023,882.08
B39G18000000002,2024,231989.67
B39G18000000002,2025,515833.43
B39G18000000002,2026,287687.13
B39H18000200002,2020,8848.37
B39H18000200002,2021,19728.07
B39H18000200002,2022,12783.98
B39H18000200002,2023,21525.11
B39H18000200002,2024,1100.0
B39H18000200002,2025,631492.81
B39H18000200002,2026,1430.0
B41B21006560001,2024,165321.62
B41B21006560001,2025,110067.59
B51D18000110001,2021,16904.81
B51D18000110001,2022,10734.05
B51D18000110001,2023,26516.14
B51D18000110001,2024,130647.16
B51D18000110001,2025,538592.18
B52F23000040002,2024,4999.99
B52J20001300001,2022,1729.12
B52J20001300001,2023,9397.21
B53B20000140001,2021,850.0
B53B20000140001,2022,8790.56
B53D20003320002,2021,1020.49
B53D20003320002,2022,4645.42
B53D20003320002,2023,12524.72
B53D20003420002,2024,7834.25
B53D21000760001,2021,185144.23
B53I17000010001,2019,1056.0
B53I17000010001,2020,22677.73
B53I17000010001,2021,46345.8
B53I17000010001,2022,7347.02
B53I17000010001,2023,230956.85
B53I17000010001,2024,214502.73
B53I17000010001,2025,231497.52
B53I17000010001,2026,154662.53
B54H17001190002,2023,30.0
B54H17001190002,2024,62270.61
B54H17001190002,2025,4082.95
B54H17001190002,2026,113175.83
B56J23000030002,2023,12764.84
B56J23000030002,2024,78654.98
B56J23000030002,2025,4613.74
B56J23000030002,2026,142206.33
B58E18000190003,2020,5091.99
B58E18000190003,2021,52465.37
B58E18000190003,2022,52319.94
B58E18000190003,2023,19260.87
B58E18000190003,2024,157883.95
B58E18000190003,2025,18928.0
B61D17000070002,2019,710.2
B61D17000070002,2020,93828.13
B61D17000070002,2021,100175.1
B61D18000210001,2021,7141.88
B61D18000210001,2023,38637.56
B61D18000210001,2024,458912.86
B61D18000210001,2025,663082.71
B61J20000140001,2022,68904.15
B62H22014350001,2024,35309.03
B62H22014360001,2024,19429.72
B63J18000080001,2019,7218.25
B63J18000080001,2021,32289.23
B63J18000080001,2024,2440.0
B64F19015180004,2025,14481.25
B64J23000150001,2024,21666.69
B66D19000080001,2020,55936.95
B66D19000080001,2021,23114.32
B67H18007570005,2021,10716.0
B67H18007570005,2022,1612.0
B67H18007570005,2023,61725.47
B67H18007570005,2024,337779.74
B67H18007580005,2020,10960.16
B67H18007580005,2021,3061.22
B67H18007580005,2022,10014.73
B67H18007580005,2023,3005.01
B67H18007580005,2024,16166.22
B67H22005720001,2023,5101.8
B67H22005720001,2024,16000.09
B67H22005730001,2024,12434.56
B67H23000300001,2024,13573.96
B68E16000000002,2020,6978.4
B68E16000000002,2021,9536.07
B68E16000000002,2022,26407.8
B68E16000000002,2023,400.0
B68E16000000002,2024,49856.26
B68E16000000002,2025,161556.4
B68E18000180001,2022,25916.26
B68G20000550005,2024,86305.05
B69B17000070002,2018,275.93
B69B17000070002,2019,2167.33
B69B17000070002,2023,821.55
B69C17000010002,2019,32812.1
B69C17000010002,2020,132669.89
B69C17000010002,2021,175010.0
B69C17000010002,2024,2808.0
B69C18000080001,2019,2197.24
B69C18000080001,2021,2791.36
B69C18000080001,2024,4651.85
B69D18000040001,2021,6344.0
B69D18000040001,2023,8212.43
B69D18000040001,2024,1705.35
B69E18000450002,2019,40184.55
B69G17002770002,2019,7137.0
B69G17002770002,2021,990.0
B69G17002770002,2023,4577.95
B69G20000090005,2021,5199.98
B69G20000090005,2022,20084.37
B69G20000090005,2023,91399.53
B69G20000090005,2024,239.55
B69I18000120001,2021,15246.26
B69I18000120001,2023,9280.34
B69I18000120001,2024,146682.25
B69J21000300001,2022,97949.33
B71B17000610001,2020,12099.98
B71B17000610001,2025,15451.4
B71B17000610001,2026,122527.19
B71B21003120001,2025,119823.73
B71B21003120001,2026,174917.16
B71B21003230001,2023,14.04
B71B21003230001,2026,134091.41
B72C16000130001,2017,15000.0
B72C16000130001,2018,21175.09
B72C16000130001,2020,73725.02
B72C16000130001,2021,119375.25
B72C16000130001,2022,603154.64
B72C16000130001,2023,1159624.27
B72C16000130001,2024,19174.04
B72C16000130001,2025,444346.4
B72E17005850002,2023,9790.06
B73G20004450001,2021,4434.27
B73G20004450001,2024,109616.02
B73G20004450001,2025,60919.71
B73H19001520005,2020,2537.6
B74B19000040001,2021,14591.2
B74B19000040001,2024,976.0
B74B19000040001,2025,2328.64
B74J18000430001,2020,36885.58
B74J18000430001,2021,100282.99
B74J18000430001,2023,213277.91
B74J18000430001,2024,124450.48
B75F17000050001,2019,15075.83
B75F17000050001,2020,20637.15
B75F17000050001,2021,176281.13
B75F17000050001,2023,620595.5
B75F17000050001,2024,248431.83
B76C19000120001,2020,17241.58
B76C19000120001,2021,92185.5
B76C19000120001,2025,92865.59
B78B17000140001,2020,36065.16
B78E18000190001,2019,7405.93
B78E18000190001,2020,299645.44
B78E18000190001,2021,165440.0
B78E19000000001,2019,9841.37
B78E19000000001,2021,4821.44
B78E19000000001,2022,38980.82
B78E19000000001,2024,10116.55
B78E19000000001,2025,4200.0
B78E19000020002,2020,14026.1
B78E19000020002,2021,12189.48
B78E19000020002,2022,26137.27
B78E19000020002,2024,5441.61
B78E19000020002,2025,325919.56
B79C18000100001,2019,2537.6
B79C18000100001,2021,6090.24
B81D18000060001,2019,47013.9
B81D18000060001,2020,47878.33
B82E20000160001,2020,8448.23
B82E20000160001,2022,14020.75
B82E20000160001,2023,11346.0
B82E20000160001,2024,199008.84
B82E20000160001,2025,1773543.96
B82E20000160001,2026,542165.95
B83B20000260001,2025,134391.46
B83B20000260001,2026,120766.39
B83B20000270001,2021,3271.13
B83B20000270001,2025,8164.26
B83B20000280001,2024,57857.03
B83B20000290001,2025,36661.57
B83B20000290001,2026,407892.93
B87B23000060002,2025,16420.96
B87D23000030002,2024,110454.94
B87D23000030002,2025,107548.42
B91B18000780001,2024,2078.53
B91B20000880005,2021,1345.12
B91B20000880005,2022,206992.61
B91B20000880005,2023,383399.87
B91B20000880005,2024,127635.69
B91B20000880005,2025,240441.29
B91B20000880005,2026,93646.77
B91B21000370005,2023,60160.6
B91B21000370005,2024,113831.38
B91D20001040008,2021,8841.73
B91D20001040008,2023,1039.99
B91D20001040008,2024,40289.72
B92C21001190001,2024,18283.39
B92C21001190001,2025,506.1
B92E20000080001,2022,82359.64
B92E20000080001,2023,98339.85
B92E20000080001,2024,1788.0
B93D18000750001,2020,63352.9
B93D18000750001,2021,20015.18
B93D18000750001,2022,217159.77
B93H19001180004,2020,120424.1
B93I21000120001,2023,962.28
B93I21000120001,2024,47657.76
B93I21000120001,2025,34673.01
B95E17000010003,2018,18084.14
B95E17000010003,2019,10556.68
B95E17000010003,2021,1050.0
B95E17000010003,2022,72336.56
B95E17000010003,2023,564623.02
B95E17000010003,2024,1113155.16
B95E17000010003,2025,197787.64
B95E17000010003,2026,272263.29
B95F21000910001,2024,1220.31
B95F21000910001,2025,162.0
B95F21000920001,2024,1493.65
B95F21000960001,2024,32025.94
B95F21000960001,2026,29929.0
B95H19000010002,2020,92386.59
B96F21000040001,2024,2595.81
B96H17000010001,2019,65140.95
B96H17000010001,2020,141298.94
B96H17000010001,2021,11637.0
B96H17000020001,2019,50012.68
B96H17000020001,2020,161517.21
B96H17000040001,2019,2200.0
B96H17000040001,2020,234341.52
B96H17000040001,2021,80906.12
B96H17000040001,2022,67191.61
B96H17000040001,2024,10258.32
B96H17000050005,2021,39211.36
B96H17000050005,2022,485664.47
B96H17000050005,2023,95301.74
B96H17000050005,2025,15225.6
B97F18000200001,2020,30495.79
B97F18000200001,2021,27559.8
B97F18000200001,2022,135947.44
B97F18000200001,2023,147325.49
B97F18000200001,2024,57773.27
B97F18000200001,2025,96373.18
B97F18000200001,2026,84434.4
B97F18000210002,2020,102993.87
B97F18000210002,2021,333238.2
B97F18000210002,2022,203767.93
B97G21000130001,2023,24041.3
B97G21000130001,2024,40165.39
B97G21000130001,2025,5902.99
B97G21000140001,2024,20938.51
B97G21000140001,2025,38712.59
B97G21000150001,2024,492.28
B97G21000160001,2024,3634.93
B97G21000160001,2025,602.0
B97H22004040001,2024,23525.3
B97H22004040001,2025,14023.99
B98C18000050005,2019,7919.58
B98I21001050001,2023,4882.5
B98I21001050001,2024,95862.58
B99B18000220001,2020,1977.71
B99B18000220001,2021,52132.45
B99B18000220001,2022,124896.17
C13D21002710005,2024,6344.0
C13D21002750005,2024,13820.29
C13D21003230005,2024,16434.14
C14B19000260005,2019,946.27
C14B19000260005,2020,115341.1
C14B19000260005,2021,150192.77
C14B19000260005,2024,100128.79
C14F18000000001,2020,31271.05
C14F18000000001,2021,41023.23
C14F18000000001,2022,36404.7
C16J17000010001,2018,44038.8
C16J17000010001,2019,53593.64
C16J17000010001,2021,5726.73
C16J17000010001,2023,299422.4
C16J17000010001,2024,174606.51
C16J17000010001,2025,162118.7
C16J17000010001,2026,312392.91
C18E17000070002,2020,13956.8
C18E17000070002,2022,6527.27
C19J22002920001,2024,9516.0
C25J18000200004,2020,38502.43
C28E18000030003,2020,20848.85
C28E18000030003,2021,25018.98
C28E18000030003,2022,6019.52
C31B21002510001,2021,2440.0
C31B21002510001,2022,46136.13
C31B21002510001,2023,40602.39
C31B21002510001,2024,514483.8
C31B21002510001,2025,527460.87
C31B21002520001,2022,83460.86
C31B21002520001,2023,88003.82
C31B21002520001,2024,334413.79
C31B21002520001,2025,986962.9
C31B21006530001,2022,43664.69
C31B21006530001,2023,51221.83
C31B21006530001,2024,368907.56
C31B21006530001,2025,1445435.3
C32C20005070001,2023,39182.76
C32C20005070001,2024,125093.63
C32C20005090001,2021,28821.62
C32C20005090001,2022,73004.97
C32C20005090001,2023,151584.41
C32C20005090001,2024,157622.66
C32E20000190001,2022,3275.41
C32E20000190001,2023,100866.25
C32E20000190001,2024,26198.84
C32E20000190001,2025,108790.96
C32E20000200001,2023,62302.94
C32F22000140001,2024,114896.67
C33H18000130006,2020,35526.27
C33H18000130006,2021,132274.98
C33H18000130006,2022,1448976.33
C34I20000270001,2021,63145.8
C34I20000270001,2022,130346.87
C34I20000270001,2023,94914.08
C34I20000270001,2024,31728.22
C34J18000050002,2022,28052.1
C34J18000050002,2023,77527.17
C34J18000050002,2024,96261.57
C34J18000050002,2025,142292.26
C34J18000050002,2026,106774.71
C37H18002730002,2023,6100.0
C37H18002730002,2024,5856.0
C37H18002730002,2025,3045.12
C37H19001750001,2020,153139.83
C37H19001750001,2021,46054.2
C37H21006030001,2024,3178.6
C37H21006040001,2024,7995.07
C37H21006040001,2025,90507.92
C37H21006310001,2024,9851.94
C37H21006310001,2025,50617.68
C37H21006310001,2026,87315.45
C37H21006350001,2024,3416.42
C37H21006360001,2025,49307.64
C37H21006370001,2024,4126.14
C37H21006370001,2025,19878.9
C37H21006370001,2026,25296.41
C37H21006380001,2024,3416.42
C37H21006400001,2024,6264.93
C37H21006400001,2026,67545.19
C37H21006410001,2025,40900.99
C37H21006410001,2026,5602.09
C37H21006430001,2024,83865.81
C38C20000190001,2021,57519.54
C38C20000190001,2022,1027493.7
C38C20000190001,2023,213102.2
C41B20000590002,2022,60086.07
C41B20000590002,2023,517.0
C41B20000600002,2021,46115.6
C41B20000600002,2022,5457.89
C41B20000600002,2023,517.0
C41B21004240001,2022,2177.0
C41B21004240001,2023,104340.65
C41B21004240001,2024,613827.01
C41B21004240001,2025,1143034.86
C41B21004240001,2026,401585.31
C41B21005100001,2024,23460.15
C42H17000200002,2019,46553.36
C42H17000200002,2021,341984.1
C42H17000200002,2022,355454.36
C42H17000200002,2023,104843.12
C42H17000200002,2025,2007.5
C43G20001020001,2022,17342.73
C43G20001020001,2023,7486.48
C43G20001020001,2025,52056.28
C43G20001030001,2023,3513.98
C43G20001030001,2025,15881.59
C43G20001030001,2026,71623.01
C43G20001040001,2022,6677.22
C43G20001040001,2023,5507.82
C43G20001050001,2022,17732.2
C43G20001050001,2023,2488.73
C43G20001050001,2024,40320.99
C44C19000150001,2021,32278.94
C44C19000150001,2022,54053.04
C44C19000150001,2023,366.0
C44C19000150001,2024,219508.18
C44C19000150001,2025,1101243.82
C44C19000150001,2026,76978.12
C44E21000750001,2022,8892.97
C44E21000750001,2025,58028.82
C44E21000750001,2026,3950.0
C44F20000000001,2021,21765.75
C44F20000000001,2022,43733.05
C44F20000000001,2023,116254.46
C44F20000000001,2024,272212.45
C44F20000000001,2025,574236.22
C44F20000000001,2026,86457.82
C45E22000290001,2021,754.05
C45E22000290001,2022,88669.19
C45E22000290001,2023,189306.45
C45E22000290001,2024,509569.16
C45E22000290001,2025,72616.8
C45E22000290001,2026,255474.96
C47H20001600006,2021,23921.02
C47H20001600006,2022,23241.0
C47H20001600006,2024,35.0
C47H20001600006,2025,44949.19
C47H20001600006,2026,111857.54
C47H20002200001,2021,55417.82
C47H20002200001,2022,127440.36
C47H20002200001,2023,13140.48
C47H20002200001,2024,3873.05
C47H21000160001,2021,30.0
C47H21000160001,2023,22888.91
C47H21000160001,2024,76125.99
C47H21000160001,2025,3595.74
C47H21000160001,2026,1560.0
C47H21004430001,2025,298918.54
C48E19000000002,2021,69488.16
C48E19000000002,2022,6517.58
C48E19000000002,2023,55478.43
C48E19000000002,2024,870219.24
C48E19000000002,2025,865061.58
C48E19000000002,2026,974111.16
C49C19000010002,2020,29672.75
C49C19000010002,2021,22141.32
C49C19000010002,2022,123338.55
C49C19000010002,2023,47128.77
C49C19000010002,2024,56697.24
C49C19000010002,2025,652490.8
C49C19000010002,2026,1280.0
C49C19000020002,2020,9732.54
C49C19000020002,2021,7639.6
C49C19000020002,2024,51316.25
C49C19000020002,2025,146427.36
C49C19000020002,2026,121765.89
C49I19000010002,2021,13242.21
C49I19000010002,2023,4142.59
C49I19000010002,2024,2993.14
C49I19000010002,2025,12919.35
C49I19000020002,2020,9650.85
C49I19000020002,2022,115545.54
C49I19000020002,2023,64176.46
C51B21002260001,2022,6175.95
C51B21002270001,2021,317546.28
C51B21002270001,2022,313421.11
C51B21002270001,2023,420.0
C51B22001860002,2024,39179.42
C51B22001860002,2026,1975.68
C51I20000030001,2022,5456.33
C51J20000130001,2020,4897.1
C51J20000130001,2021,10801.28
C52B20000020005,2021,214153.72
C52B20000020005,2022,38971.67
C52B20000020005,2023,114149.16
C52F22000940002,2024,17433.48
C52F22000940002,2025,12534.88
C52F22000940002,2026,15760.62
C52F22000960002,2024,6057.49
C53B20000080002,2021,153143.96
C53B20000080002,2022,191718.6
C53B20000080002,2023,3027.9
C53B20000080002,2024,3027.89
C53D21001300001,2022,161853.94
C53D21001300001,2023,9404.64
C53D21001300001,2024,420705.08
C53D21001300001,2025,59435.4
C53H20000450001,2023,100527.81
C53H20000450001,2024,258795.65
C53H20000450001,2025,50873.02
C53H20000450001,2026,289985.94
C54B19000500001,2021,2614.72
C54B19000500001,2022,130455.67
C54B19000500001,2023,17273.44
C54C20000170001,2020,41388.68
C54C20000170001,2021,19961.15
C54C20000170001,2022,17684.82
C54F20000000002,2020,518.54
C54F20000000002,2021,13965.95
C54F20000000002,2022,146755.64
C54F20000010002,2020,1119.96
C54F20000010002,2021,134030.66
C54F20000020002,2020,143965.29
C54I20000560001,2021,66005.56
C54I20000560001,2022,210224.08
C54I20000560001,2023,160617.82
C54I20000560001,2024,88709.4
C54I20000560001,2025,292185.25
C54I20000560001,2026,3020.28
C55B19004200005,2020,23393.7
C55B19004200005,2021,70680.16
C55B19004200005,2022,353562.66
C55B19004200005,2023,275441.16
C55D20000010002,2020,1326.1
C55D20000010002,2021,29929.23
C55D20000010002,2023,73148.72
C55D20000010002,2024,55612.67
C55D20000020002,2020,11265.2
C55D20000020002,2021,4950.0
C55D20000020002,2022,61283.53
C55D20000020002,2023,69123.52
C55D20000020002,2024,654886.06
C55G17000020001,2021,68056.2
C55G17000020001,2023,9758.62
C55G17000020001,2025,13008.1
C56D18000200009,2021,104985.05
C56D18000200009,2022,1628.0
C56J23000030001,2024,6197.6
C57B21000030001,2023,4832.21
C57B21000030001,2024,1291.19
C57H20002800007,2021,42966.69
C57H21000960001,2022,11920.0
C57H21000960001,2023,721535.84
C57H21000960001,2024,74688.42
C57H21000970001,2022,22162.78
C57H21000970001,2025,306116.91
C57H21000980001,2022,15487.4
C57H21004000001,2022,134719.62
C57H21004830001,2022,63167.82
C57H22003570002,2024,35220.81
C57H22003580002,2024,15311.2
C57H22003580002,2025,25785.14
C58B19000030005,2021,86397.45
C58B19000030005,2022,33221.65
C58B19000030005,2023,6033.29
C58B22000430005,2024,7252.43
C58E18000170001,2020,11203.26
C58E18000170001,2021,145328.03
C58E18000170001,2022,6117.86
C58E18000170001,2023,329863.92
C58E18000170001,2024,787578.1
C58E18000170001,2025,526096.05
C59D18000030001,2021,12556.6
C59D18000030001,2022,173387.4
C59D18000030001,2023,434360.32
C59D18000030001,2024,564277.43
C59D18000030001,2025,296962.03
C59D18000030001,2026,228688.67
C59D18000060001,2020,4400.58
C59D18000060001,2021,56316.52
C59D18000060001,2022,162029.01
C59D18000060001,2023,152682.65
C59D22000300002,2024,19881.44
C59H17000010001,2021,1708.0
C59H17000010001,2023,301443.0
C59H17000010001,2024,13021.91
C59H17000010001,2025,1172196.14
C59H17000010001,2026,748568.31
C59J21034340001,2022,315728.24
C59J21034340001,2023,4695289.74
C59J21034340001,2024,7381.0
C59J21034340001,2025,214548.82
C62B23001000001,2024,2600.0
C62B23001000001,2025,357767.08
C62B23001000001,2026,278007.96
C62D21000020005,2024,9028.53
C62D21000030005,2023,13540.8
C62D21000030005,2024,103248.14
C62D21000030005,2025,269956.01
C63B20000170001,2022,105154.92
C63B20000170001,2023,137324.0
C63B20000170001,2024,4433.85
C63H21000010005,2023,18720.0
C63H21000010005,2024,389450.95
C64H21000040001,2023,3640.0
C64H21000040001,2024,23931.84
C64H21000050001,2024,17312.17
C64H21000060001,2024,82477.23
C64H21000060001,2025,63373.91
C64H21000070001,2024,2080.0
C64H21000080001,2025,42664.12
C64H21000080001,2026,6789.48
C64H21000090001,2024,16515.2
C64H21000100001,2024,53492.56
C64H21000100001,2025,96062.4
C67B19000000001,2020,2182.87
C67B19000000001,2021,4493.65
C67B19000000001,2022,7672.1
C67B19000000001,2023,68381.86
C67B19000000001,2024,163363.94
C67H21009690005,2024,192657.96
C67H21009690005,2025,1830.0
C67H22001510005,2024,90819.36
C67H22001510005,2025,158306.14
C69H18000140003,2023,71848.59
C71B21001840005,2021,440.0
C71B21001840005,2022,29244.92
C71B21001840005,2023,79902.05
C71B21001840005,2024,66641.91
C71B21001840005,2025,47301.09
C71B21001850005,2021,193400.0
C71B21001850005,2022,29930.2
C71B21001850005,2023,137221.12
C71B21001850005,2024,122860.16
C71B21001850005,2025,461184.78
C71B21001850005,2026,77569.61
C72C20002980001,2024,174400.0
C72C21001130005,2024,33967.23
C73C20000010006,2023,3255.0
C73C20000010006,2024,16241.65
C73C20000010006,2025,6917.6
C73C20000010006,2026,69971.04
C73I20000010001,2020,1707.83
C73I20000010001,2021,6552.79
C73I20000010001,2022,7215.08
C73I20000010001,2023,22602.27
C73I20000010001,2024,304411.47
C73I20000010001,2025,116827.14
C74E20001750001,2022,4141.19
C74F19000090004,2022,24196.0
C74F19000090004,2023,160.0
C74F19000090004,2024,12687.95
C74F19000090004,2025,153947.4
C74F19000090004,2026,13050.83
C74F19000100004,2021,4903.11
C74F19000100004,2022,42393.96
C74F19000100004,2023,160.0
C74F19000100004,2025,1966.81
C74F19000100004,2026,122938.85
C76B19000340001,2022,16026.36
C76B19000340001,2024,10568.58
C76B19000340001,2025,3443.48
C76B19000400002,2020,5170.47
C76B19000400002,2021,31516.52
C76B19000400002,2022,68133.78
C76B19000400002,2023,664062.85
C76B19000400002,2024,19482.78
C77H21002370001,2025,2080.0
C77H21002390001,2023,7225.93
C77H21002390001,2024,1776.32
C77H21002430001,2024,3997.56
C77H21002470001,2024,42489.98
C77H21002470001,2025,14984.35
C81I18000000001,2020,5821.39
C83B20000330001,2022,2676.65
C83B20000330001,2023,1952.0
C83B20000330001,2024,300.0
C86C20000030001,2021,1000.03
C86C20000030001,2023,1769.0
C86C20000030001,2024,1793.42
C91E16000360004,2023,31797.46
C94F19000060001,2024,11681.5
C94F19000060001,2025,3843.0
C94J19000060001,2021,7732.13
C94J19000060001,2022,14153.05
C94J19000060001,2024,97467.55
C94J19000060001,2025,179754.47
C98F19000020001,2021,24855.53
C98F19000020001,2022,8362.92
C98F19000020001,2023,145575.55
C98F19000020001,2024,150488.0
C98F19000020001,2025,147180.0
C99D18000090001,2019,13821.99
C99D18000090001,2020,74880.41
D18D20001590001,2020,14488.52
D18D20001590001,2024,20649.01
D18D20001590001,2025,293821.34
D18D20001590001,2026,147291.94
D22C21001000001,2025,22155.01
D22C21001000001,2026,55167.02
D22C21001010001,2025,88112.68
D23G07000180005,2019,621.74
D23G07000180005,2021,8958.38
D23G07000180005,2024,43016.26
D23G07000180005,2025,217655.75
D23G07000180005,2026,33006.38
D23I18000280005,2020,41396.72
D24B19000000001,2021,1013.96
D24B19000000001,2022,7615.82
D24B19000000001,2024,42363.48
D24B19000000001,2025,24665.33
D24H20000810001,2020,67333.34
D24H20000810001,2021,21810.94
D25F21000970001,2024,17717.56
D25F21000970001,2025,137246.58
D27H20003860001,2022,49415.12
D36C17000000002,2020,116743.52
D36C17000000002,2021,397558.44
D36C17000000002,2022,28047.8
D38D18000070002,2021,15036.43
D38G17000110001,2022,4941.0
D38I20000640005,2021,5073.03
D41B21000310008,2022,6612.42
D41B21000310008,2023,207213.46
D41B21001740001,2024,19806.22
D41C19000150002,2021,12311.95
D41C19000150002,2022,7289.44
D41C19000150002,2023,39028.2
D41C19000150002,2024,86294.47
D41E20000290001,2023,107971.84
D41J20000010001,2021,5264.85
D41J20000010001,2022,2378.27
D43D18000420002,2022,20270.57
D43D18000420002,2023,8678.06
D43D18000420002,2024,53247.95
D44J18000350002,2023,34235.21
D45G18000340003,2019,2778.28
D45G18000340003,2020,3483.1
D45G18000340003,2021,30120.8
D45G18000340003,2023,160185.05
D45G18000340003,2024,92242.77
D46I22000000002,2024,5707.65
D46I22000010001,2023,2154.47
D46I22000010001,2024,2789.2
D48I20000610002,2026,254808.27
D49H17000130002,2019,3441.12
D49H17000130002,2022,232635.47
D52C21000780001,2024,77881.5
D52C21000780001,2025,29165.31
D52C21000800001,2024,350.06
D52C21000800001,2025,34149.14
D64J18000220001,2024,166883.65
D71E19000000002,2020,25198.6
D71E19000000002,2021,114869.39
D71E19000000002,2022,99627.26
D74B17000130002,2018,902.0
D74B17000130002,2019,237523.89
D74B17000130002,2020,51645.73
D74B17000130002,2021,97054.41
D74B17000130002,2022,26895.98
D74B17000140002,2022,2318.0
D74E16000840002,2019,618.54
D74E16000840002,2020,197909.39
D74E16000840002,2021,90335.14
D74E16000840002,2022,175533.26
D74E16000840002,2023,247092.0
D74E16000840002,2024,96493.76
D74E17000550002,2019,105061.29
D74E17000550002,2020,50561.99
D74E17000550002,2021,6376.88
D74J20000010002,2022,2679.84
D74J20000010002,2023,19524.01
D74J20000010002,2025,316952.36
D76C20000000004,2023,52142.65
D76D19000270005,2021,900.0
D78E19000000002,2021,22510.85
D79D19000000002,2020,6709.54
D79D19000000002,2021,15379.4
D79D19000000002,2022,59297.76
D79D19000000002,2023,184026.68
D79D19000000002,2024,5286.36
D81B21005580001,2025,46243.07
D81B21005590001,2025,39238.78
D82C21001250001,2022,60473.01
D82C21001250001,2023,49560.41
D82C21001250001,2024,10066.43
D82C21001250001,2025,220536.06
D87B17000160001,2019,76615.28
D87B17000160001,2020,878.48
D87B17000160001,2021,136239.43
D88E18000320001,2021,5560.25
D88E18000320001,2022,7567.68
D89B19000010001,2022,5279.68
D89B19000010001,2024,62191.23
D89B19000010001,2025,162321.39
E12C21000650001,2022,19321.37
E12C21000650001,2023,202127.76
E12C21000650001,2024,397096.0
E12C21000830001,2025,6344.0
E12C21000830001,2026,93224.12
E12H17000560004,2019,995.52
E12H17000560004,2020,69004.48
E13C20010040001,2022,298210.0
E13C20010040001,2023,271926.56
E13C20010040001,2024,104595.87
E13C20010040001,2025,12528.08
E14B17000270002,2021,14420.23
E14B17000270002,2023,31441.12
E14C19000680001,2022,40506.79
E14C19000680001,2023,22570.0
E14C19000680001,2024,596752.68
E14C19000680001,2025,513155.72
E14C19000680001,2026,880.0
E14F17000740003,2021,840.56
E14F17000740003,2022,19390.62
E14F18000880001,2019,10950.72
E14F18000880001,2020,915.0
E14F18000880001,2021,46640.86
E14F18000880001,2022,348189.05
E14F18000880001,2023,600319.23
E14F18000880001,2024,355013.09
E15F21000910001,2021,46813.65
E15F21000910001,2022,511.53
E15F21000910001,2025,98.39
E16H17000060001,2021,215425.83
E16H17000060001,2022,86472.0
E17H20002170001,2021,95687.65
E17H20002170001,2022,92565.24
E17H20002820001,2021,7783.05
E17H20002820001,2022,105447.92
E19H18000380001,2020,39184.58
E22C21000660001,2024,904.95
E22C21000660001,2025,124931.09
E22C21000660001,2026,17338.42
E32C21000960001,2026,64217.38
E32C21000970001,2025,159735.91
E41B21006080001,2025,154380.57
E41B21006080001,2026,617522.26
E42C21001530001,2025,369791.54
E42C21001530001,2026,88659.41
E42C21001540001,2025,179462.45
E43H18000110001,2024,37266.5
E53I23000030001,2017,3088.8
E53I23000030001,2018,1610.4
E53I23000030001,2021,14662.23
E57H21000240001,2024,1103648.6
E57H21000240001,2025,68472.15
E57H21000240001,2025,294845.94
E61C19000030001,2019,122.0
E61C19000030001,2020,10453.87
E61C19000030001,2021,79329.27
E61C19000030001,2022,37942.44
E61C19000030001,2023,122.0
E62F17001120001,2018,124690.01
E62F17001120001,2019,1064130.51
E62F17001120001,2020,741476.89
E62F17001120001,2021,2575540.37
E62F17001120001,2022,2144475.84
E62F17001120001,2023,553849.02
E62F17001120001,2024,194515.5
E62F17001120001,2025,7852.3
E62H20000010001,2022,28556.24
E62H20000010001,2023,231746.88
E62H20000010001,2024,265890.45
E62H20000020001,2021,15840.59
E62H20000020001,2022,6080.06
E63D21002210005,2023,66274.31
E63D21002210005,2024,182386.47
E63D21002210005,2025,22004.9
E63G18000020005,2019,42875.63
E63G18000020005,2021,1600.0
E63G18000020005,2022,1000.0
E63G18000020005,2023,35677.05
E63G18000020005,2025,37985.64
E63H19000280001,2021,21349.97
E63H19000280001,2023,44330.74
E63H19000280001,2024,645958.1
E63H19000300001,2021,21780.59
E63H19000300001,2023,651886.95
E63H19000300001,2024,360615.55
E65B20000530001,2021,86193.02
E65B20000530001,2022,58164.8
E65B20000530001,2023,51963.55
E66H19000160001,2021,10411.42
E66H19000160001,2022,63776.99
E66J23000020001,2024,42609.97
E66J23000020001,2025,59459.56
E66J23000030001,2023,6220.8
E66J23000030001,2024,31271.79
E66J23000030001,2025,16129.1
E66J23000040001,2024,19270.36
E66J23000050001,2024,6569.4
E66J23000050001,2025,25813.05
E66J23000070001,2024,637.12
E67H23000090001,2024,13135.85
E67J18000160001,2019,49235.46
E67J18000160001,2020,2000.0
E67J18000160001,2021,1522.0
E67J18000160001,2022,78702.08
E67J18000160001,2023,96587.65
E67J18000160001,2024,542879.75
E67J18000160001,2025,421080.0
E68B20000000001,2020,1120.49
E68B20000000001,2021,2113.13
E68B20000000001,2022,68426.72
E68B20000000001,2023,60118.64
E68B20000000001,2024,91145.95
E68B20000000001,2025,10373.73
E68C18000550001,2019,43938.81
E68C18000550001,2021,3600.0
E68C18000550001,2023,176835.98
E68C18000550001,2024,4100.0
E68E18000050005,2019,41022.94
E68E18000050005,2020,36619.18
E68E18000050005,2021,506.86
E68E18000050005,2022,199200.75
E68E18000050005,2023,1138303.13
E68E18000050005,2024,767214.26
E68E18000050005,2025,336707.21
E68H23000060001,2025,25040.81
E68H23000070001,2024,8365.17
E69D18000220001,2021,9699.4
E69D18000220001,2022,14975.92
E69D18000220001,2023,84529.74
E69D18000220001,2025,192185.38
E69D18000230001,2019,11604.24
E69D18000230001,2021,4325.27
E69D18000230001,2023,18298.41
E69D18000230001,2024,284398.26
E69D18000230001,2025,173510.8
E69J16000720005,2019,42762.62
E69J16000720005,2021,2400.0
E69J16000720005,2024,62957.78
E69J16000720005,2025,234480.6
E73D22000890002,2024,799063.62
E73D22000890002,2026,137518.79
E75D19000060001,2020,2631.91
E75D19000060001,2021,10835.32
E75D19000060001,2022,12525.07
E75D19000060001,2023,126862.84
E75D19000060001,2024,131095.52
E75D19000060001,2025,174588.6
E75D19000060001,2026,78557.35
E75E17000020001,2020,13030.57
E75E17000020001,2024,37266.96
E75E17000020001,2025,224632.1
E75E17000020001,2026,322274.91
E75F21000080002,2024,416608.38
E75F21000080002,2025,385692.25
E75F21000100002,2024,29295.65
E75F21000100002,2024,424269.65
E75F21000100002,2026,3185.74
E77C19000090001,2020,600.0
E77C19000090001,2021,8000.0
E77C19000090001,2022,21487.09
E77C19000090001,2023,3660.0
E77C19000090001,2025,699344.34
E77C19000090001,2026,8486.28
E81B20001240004,2021,55238.25
E81B20001240004,2022,856598.35
E81B20001240004,2023,373734.15
E83H18000390001,2020,26520.59
E83H18000390001,2021,47827.68
E83H18000390001,2022,14372.82
E83H18000390001,2024,366574.46
E83H18000390001,2025,3312319.38
E93B19000000002,2021,6022.68
E93B19000000002,2023,146045.88
E93B19000000002,2024,265792.53
E93B19000000002,2025,295671.09
E93J19000440002,2020,20531.26
E93J19000440002,2022,46629.96
E95D19000060002,2023,89217.28
E95D19000060002,2024,141117.77
E95D19000060002,2025,328041.13
E95F21000420002,2024,18056.0
E95F21000420002,2026,281698.0
E97H22002870001,2023,4014.47
E97H22002870001,2024,624396.0
E98B21000050002,2023,4636.0
E98B21000050002,2025,105215.37
F14J20000040001,2023,1563.35
F14J20000040001,2025,119047.44
F17H19000200001,2019,5934.61
F17H19000200001,2026,81413.65
F17H19002910001,2024,2257.99
F17H19002910001,2025,28598.57
F19J20000620001,2023,38732.05
F19J20000620001,2024,7381.54
F19J20000630001,2022,4925.49
F19J20000630001,2025,89830.82
F21B17000980005,2022,1100.0
F21B17000980005,2023,10198.89
F21B17000980005,2024,46742.36
F21B21002140001,2025,1793.06
F21B21002150001,2024,60539.97
F21B21002150001,2025,9385.45
F21C19000090002,2019,1220.0
F21C19000090002,2020,119700.45
F21D18000030002,2019,174472.71
F21H17000030002,2019,74947.98
F21H17000030002,2020,136175.2
F21H17000030002,2021,347623.92
F21H17000030002,2022,49964.41
F21H17000040002,2019,27398.47
F21H17000040002,2020,391426.93
F21H17000040002,2021,146337.38
F21H17000040002,2022,21669.53
F21H17000040002,2023,23552.26
F21H20000010002,2021,1624.59
F21H20000010002,2022,3200.0
F21H20000010002,2024,17211.32
F21I18000020001,2023,30934.0
F21I18000020001,2024,5774.66
F22C18000200001,2021,5202.68
F22C18000200001,2022,57133.14
F22C18000200001,2023,78881.75
F22C18000200001,2024,119021.79
F22C18000200001,2025,56133.88
F22C18000200001,2026,1152279.07
F22C20000960001,2021,199747.51
F22C21000180001,2024,8873.3
F22C21000180001,2025,5978.0
F22C21000220001,2025,7242.97
F22C21000230001,2025,9641.63
F22C21000240001,2024,2512.69
F22C21000250001,2024,5946.01
F22C21000260001,2024,8308.24
F22C21000260001,2025,7706.98
F22C21000270001,2026,2440.0
F22C21000550001,2024,1182.18
F22C21000550001,2025,324.47
F22E20000080002,2021,1220.0
F22E20000080002,2022,35149.8
F22E20000080002,2023,101586.0
F23B19000220002,2020,51769.0
F23B19000220002,2021,181674.02
F23B19000220002,2022,176597.15
F23B19000220002,2023,276856.54
F23B19000220002,2024,453730.95
F23B20000050002,2020,32997.06
F23B20000050002,2021,14749.8
F23H19000870001,2019,62032.92
F23H19000870001,2020,41505.0
F23H19000870001,2021,24840.82
F23H19000870001,2022,14854.0
F23H19000870001,2023,37041.63
F23H19000870001,2024,140831.81
F23H19000870001,2025,678275.49
F23H19000870001,2026,14771.19
F23H20000350002,2023,51138.07
F23H20000350002,2025,3050.0
F23H20000350002,2026,333298.07
F24B20000350001,2021,526.66
F24B20000350001,2022,59047.36
F24B20000350001,2023,129337.95
F25E24000310001,2022,2635574.82
F25E24000310001,2025,13086.95
F25E24000310001,2026,113914.68
F25F21000900001,2025,1793.06
F27B17000260001,2021,5012.25
F27B17000260001,2022,10247.98
F27B17000350002,2018,246980.09
F27B17000350002,2019,53649.13
F27H21004860001,2025,16402.44
F27H21004910001,2025,21958.84
F27H21004920001,2024,228.86
F27H21004940001,2025,5937.98
F27H21004970001,2023,30259.93
F27H21004970001,2024,182264.96
F27H21004970001,2025,252441.35
F27H21005070001,2024,9239.13
F27H21006380001,2024,9565.62
F27H22001920002,2024,9929.15
F27H22001920002,2025,4292.64
F27I18000650001,2020,41514.34
F27I18000650001,2021,3203.2
F27J18000260002,2019,101777.01
F29H20000200002,2021,1098.0
F29H20000200002,2022,170206.36
F29H20000200002,2023,10565.86
F29H20000200002,2025,6597.66
F33B19000080002,2020,4413.7
F33B19000080002,2021,144918.94
F33B19000080002,2022,78290.93
F33D21002970003,2023,5856.0
F33D21002990002,2024,4514.0
F33J19000010002,2025,26223.06
F34F19000030002,2019,29542.17
F34F19000030002,2020,37329.73
F35C19000000002,2019,14823.0
F35C19000000002,2020,17076.82
F35C19000000002,2021,3885.32
F35C19000000002,2022,20247.19
F35C19000000002,2023,34255.97
F35C19000030002,2019,5379.17
F35C19000030002,2020,11252.99
F35C19000030002,2022,161724.18
F35C19000050004,2019,106.86
F35C19000050004,2021,239741.74
F35C19000050004,2022,184175.0
F35C19000050004,2023,87518.19
F35C19000050004,2024,82144.43
F35D19000000002,2019,14073.63
F35D19000000002,2020,8715.68
F35D19000000002,2021,24152.38
F35D19000000002,2023,12810.0
F37H19001540002,2021,10080.0
F37H19001540002,2022,30217.91
F37H19001540002,2023,29183.62
F37H21000550001,2021,55711.06
F38I21001040002,2021,10565.2
F38I21001040002,2023,26888.9
F39H20000200002,2021,10560.39
F43H19001300001,2021,38580.04
F43H19001300001,2022,85731.28
F43H19001300001,2023,776447.6
F43H19001300001,2024,1370340.09
F43H19001300001,2025,19266.64
F45E17000060001,2023,77954.93
F45E17000060001,2024,124239.9
F45F21000880001,2023,49493.16
F45F21000880001,2024,55059.44
F45I22000070001,2024,129552.0
F47B17000070005,2018,796496.29
F47B17000070005,2018,796496.29
F47B17000070005,2020,16823.7
F47B17000070005,2020,16823.7
F47C19000060001,2020,15745.17
F47C19000060001,2021,2056.0
F47C19000060001,2022,491492.87
F47C19000060001,2023,374644.72
F47C19000060001,2024,207028.62
F47C19000060001,2025,3142.5
F49D23001250002,2024,76507.78
F49D23001250002,2025,10.11
F49E19000000001,2022,18171.57
F49E19000000001,2023,22217.74
F49E19000000001,2024,198765.66
F49E19000000001,2025,334926.65
F49H18000590001,2019,21266.9
F49H18000590001,2020,9767.45
F49H18000590001,2021,18688.35
F49H18000590001,2022,141986.44
F49H18000590001,2023,2689.61
F49H18000590001,2024,47535.84
F49J20000890001,2024,75776.51
F52C20002330001,2021,30577.9
F52C20002330001,2022,61501.87
F52C20002330001,2024,4041.6
F52C20002330001,2025,126064.36
F52C20002340001,2022,31619.97
F52C20002340001,2023,308360.33
F52C20002340001,2024,743566.07
F52C20002340001,2025,429675.5
F52C20002340001,2026,8640.41
F52C21000150001,2022,13347.9
F53D21000650001,2022,6406.02
F53D21000670001,2022,7579.25
F54C19000000001,2021,11558.57
F54C19000000001,2022,43787.13
F54C19000000001,2024,567742.17
F54C19000000001,2025,207433.87
F54C19000000001,2026,135251.33
F56F20000000001,2021,31020.26
F56F20000000001,2022,503500.61
F56F20000000001,2023,1427633.46
F56F20000000001,2024,1592113.58
F56F20000000001,2025,1051449.21
F56F20000000001,2026,7864.74
F56J20001370001,2021,89018.98
F56J20001370001,2022,8672.12
F56J20001520001,2021,0.0
F56J20001520001,2022,32878.22
F56J20001520001,2023,189351.22
F56J20001520001,2024,199686.47
F56J20001530001,2023,12579.07
F56J20001530001,2024,1008.0
F56J20001530001,2025,502446.39
F56J20001540001,2021,-755.99
F56J20001540001,2022,87323.95
F61B21002590001,2025,139256.1
F62I19000010007,2018,11419.2
F62I19000010007,2020,12528.39
F62I19000010007,2021,307183.56
F62I19000010007,2023,1179636.42
F62I19000010007,2024,444513.78
F63B19000280001,2021,6039.45
F63B19000280001,2022,6367.94
F63B19000280001,2023,11111.06
F63B19000280001,2025,56135.35
F63B19000280001,2026,127445.98
F63H19000550001,2021,57049.33
F63H19000550001,2022,556416.55
F63H19000550001,2023,769053.63
F63H19000560001,2021,5902.93
F63H19000560001,2022,27155.69
F63H19000560001,2023,29124.43
F63H19000560001,2024,69158.68
F63H19000560001,2025,1128.5
F63H19000560001,2025,248366.43
F63H19000560001,2025,17600.52
F63H19000560001,2026,74264.27
F63H19000560001,2026,4515.0
F63H19000560001,2026,159932.69
F66I23000000001,2023,24729.25
F66I23000000001,2024,126399.68
F66I23000000001,2025,122792.92
F66J23000000001,2023,24076.6
F66J23000000001,2024,32537.59
F66J23000000001,2025,2610.8
F66J23000000001,2026,264707.03
F67F19000470001,2021,2564.45
F67F19000470001,2022,44083.51
F67F19000470001,2023,23330.86
F67F19000470001,2024,168982.43
F67F19000470001,2025,55052.07
F67F19000470001,2025,25147.66
F67F19000470001,2026,553053.45
F67F19000470001,2026,30000.0
F72E17000020002,2018,12530.77
F73H19001000001,2019,11249.23
F73H19001000001,2022,10242.61
F73H19001000001,2023,248687.57
F73H19001000001,2024,464164.8
F73H19001000001,2025,346046.54
F73H19001000001,2026,105090.7
F74H20001230001,2021,2293.64
F74H20001230001,2022,258278.86
F74H20001230001,2023,443073.33
F74H20001230001,2024,45702.57
F81B21005390001,2021,4748.8
F81B21005390001,2022,131693.43
F81B21005390001,2023,746540.05
F81B21005390001,2024,920531.44
F81B21005390001,2025,1615552.25
F81B21005390001,2026,42437.42
F82E21000020001,2023,10987.07
F82E21000020001,2024,99626.55
F83I19000680001,2019,10249.66
F83I19000680001,2020,4880.0
F83I19000680001,2021,27656.2
F83I19000680001,2022,45103.4
F83I19000680001,2023,28017.32
F83I19000680001,2024,15152.4
F83I19000680001,2025,53224.46
F83I19000680001,2026,18805.04
F85B19000630001,2019,6305.75
F85B19000630001,2020,1000.0
F85B19000630001,2021,172731.61
F85B19000630001,2022,60659.84
F85B19000630001,2024,363811.08
F85B19000630001,2025,82268.25
F85B19001340001,2019,26870.39
F85B19001340001,2020,134649.72
F85B19001340001,2021,13428.64
F85E17000070002,2019,233255.52
F85E17000070002,2020,1011298.89
F85E17000070002,2021,32705.37
F85E17000070002,2022,1454893.66
F85E17000070002,2023,792063.48
F85E17000070002,2024,2524776.37
F89D20000110001,2020,16639.52
F91C18000020001,2024,39329.39
F92C21000310001,2025,70569.13
F92C21000310001,2026,138617.99
F92C21000320001,2025,35359.49
F92C21000320001,2026,126421.72
F92H22000520006,2024,134954.18
F97H20001390001,2022,128678.21
F97H20004130001,2022,124512.54
F97H20004130001,2023,30783.22
F97H20004140002,2024,19032.0
F97H20004140002,2025,1701.8
F97H20004140002,2026,144003.8
F97H20004220001,2021,86786.57
F97H20004220001,2022,30.0
F97H20004220001,2023,5803.98
F97H20004220001,2024,631891.82
F97H20004220001,2025,1243708.37
F97H20004220001,2026,6057.5
F97H21002080002,2023,41030.0
F97H21008120001,2026,35907.21
F97H22001470001,2024,31263.23
F97H22001470001,2025,121476.8
F97H22001490001,2025,94114.36
F97H22001490001,2026,105885.66
F97H22001500001,2024,2557.91
F97H22001500001,2025,66938.5
F97I19000090001,2022,120312.57
F97I19000090001,2023,815.62
F98C20000230001,2026,250.0
F99H18000080001,2024,20581.39
F99H18000090001,2020,31371.03
F99H18000090001,2021,80285.42
F99H18000090001,2023,11210.2
F99H18000090001,2025,70924.93
F99J15000170004,2024,17234.41
G11H19000000001,2019,10510.14
G11H19000000001,2021,6332.0
G11H19000000001,2022,21175.3
G11H19000000001,2023,85139.68
G11H19000000001,2024,137308.08
G11H19000000001,2025,281726.65
G12C20000640001,2025,209086.31
G14C19000010001,2021,2556.86
G14C19000010001,2022,7627.44
G14C19000010001,2024,205120.74
G14C19000010001,2025,63805.59
G15F21000590005,2026,64000.0
G15F21000600005,2024,853.95
G15F21000600005,2026,54538.59
G15F21001280001,2025,4184.55
G15F21001280001,2026,148216.04
G18D18000020001,2021,2542.1
G18D18000020001,2022,54154.38
G18D18000020001,2023,77873.76
G18D18000020001,2025,620818.21
G18D18000020001,2026,684131.14
G19E19001050005,2021,762.19
G25F21003300006,2022,2452.14
G25F21003300006,2023,934793.67
G25F21003300006,2024,559591.12
G25F21003300006,2025,149521.61
G27F19000000002,2022,40278.32
G28D18000020001,2021,2179.62
G28D18000020001,2022,108061.35
G28D18000020001,2023,803724.94
G28D18000020001,2024,1563351.75
G28D18000020001,2025,202299.61
G28D18000030001,2020,24707.99
G28D18000030001,2021,2454.73
G28D18000030001,2022,110862.06
G28D18000030001,2024,1483418.39
G28D18000030001,2025,1886573.52
G28D18000030001,2026,151482.85
G28G18000530001,2023,8390.18
G28G18000530001,2024,36672.41
G28G18000530001,2026,124345.01
G29D23000030001,2024,13938.06
G29H17000090001,2022,3416.0
G33B19000320002,2021,15835.05
G34J18000680001,2023,3855.2
G34J18000680001,2025,351783.04
G39G18000260005,2019,26304.68
G39G18000260005,2020,14023.54
G39G19000020002,2021,141977.86
G39G19000020002,2022,138035.65
G41B20000860001,2024,5093.6
G42B18001440006,2022,14695.4
G42B18001440006,2024,34897.42
G42B18001440006,2025,240002.79
G42C19000130001,2023,20752.2
G42C19000130001,2024,50641.79
G42C20000510001,2025,17710.55
G42C21000170001,2023,62719.93
G42C21000170001,2024,21415.31
G42C21000170001,2025,50639.25
G42C21000170001,2026,3666.63
G42C21000180001,2023,12756.97
G42C21000180001,2024,66366.45
G42C21000190001,2023,35444.73
G42C21000190001,2025,242355.89
G42C21000190001,2026,186312.73
G42E20000080001,2024,41657.21
G42E20000080001,2025,185686.28
G42F22000380005,2025,50160.0
G42J18009430001,2024,223524.37
G42J18009430001,2025,37253.68
G42J18009430001,2026,4914.18
G43B17000420001,2024,37384.63
G43B17000420001,2025,10331.2
G43B17000420001,2026,675305.31
G43D21000860001,2021,279400.0
G43D21000860001,2022,123530.0
G43D21000860001,2023,266308.04
G43D21000860001,2024,58056.04
G43H20000490001,2020,2080.0
G43H20000490001,2022,13945.38
G43H20000490001,2023,36037.53
G43H20000490001,2024,28764.57
G43H20000490001,2025,108666.78
G44C19000070001,2022,37624.23
G44C19000070001,2023,24653.43
G44C19000070001,2024,107365.53
G45C20000040001,2023,7891.81
G45C20000040001,2024,228108.16
G45G22000110005,2022,24234.04
G45G22000110005,2023,73938.48
G45G22000110005,2024,190294.73
G45G22000110005,2025,32760.91
G45G22000110005,2026,447596.64
G47H20003310001,2021,5978.0
G47H20003310001,2023,136225.36
G47H20003310001,2024,448362.7
G47H20003310001,2025,189100.0
G47H20004840001,2025,17549.99
G47H21048400001,2024,294270.79
G47H21048400001,2025,112247.38
G47H21050610001,2022,11070.78
G47H21050610001,2024,624002.32
G47H21050620001,2022,25338.08
G47H21050620001,2024,21361.6
G47H21050620001,2025,173971.37
G47H21050620001,2026,214830.0
G48H23001100001,2024,4763.95
G49B19000080005,2024,53440.73
G49B19000080005,2025,6969.86
G49B20000000001,2022,15462.98
G49B20000000001,2023,20721.54
G49B20000000001,2025,35119.96
G49C19000000001,2023,1220.0
G49C19000000001,2024,155138.02
G49C19000000001,2025,383916.4
G49J21011150006,2023,46734.51
G49J21011150006,2024,727865.22
G49J21011150006,2025,1770663.35
G53F18000030001,2019,1000.0
G53F18000030001,2020,14889.51
G53F18000030001,2021,294590.96
G53F18000030001,2022,328267.72
G53F18000030001,2023,682585.29
G53F18000030001,2024,356478.05
G53F18000030001,2025,9998.14
G53I18000110001,2022,50584.19
G53I18000110001,2023,170017.68
G53I18000110001,2024,35129.27
G53I18000110001,2025,1249949.95
G55F23000030006,2024,6976.37
G55G19000210001,2021,24785.78
G55G19000210001,2022,42491.2
G55G19000210001,2023,79314.52
G56J23000010006,2024,10800.92
G56J23000020006,2023,5612.51
G56J23000020006,2024,19922.87
G59F18000300001,2020,46794.55
G59F18000300001,2021,106413.53
G59F18000300001,2022,7612.8
G59F18000300001,2024,1127.24
G59F18000300001,2025,12673.02
G61H18000020001,2020,11046.98
G61H18000020001,2021,27411.57
G61H18000020001,2022,915.0
G62B18001360002,2022,48238.49
G62B18001360002,2023,8632.83
G62B18001360002,2024,554865.21
G62B18001360002,2025,537944.23
G63B21000030002,2023,99711.2
G63B21000030002,2024,105543.37
G63B21000030002,2025,12800.67
G63I18000100001,2023,61033.17
G63I18000100001,2024,2339.68
G63I18000100001,2025,810679.52
G63I18000100001,2026,376056.51
G66J22000000001,2024,23965.26
G66J22000000001,2025,7451.71
G66J22000000001,2026,105955.8
G66J22000010001,2023,8315.15
G66J22000010001,2024,33260.65
G66J22000010001,2025,191258.38
G66J22000010001,2026,24062.44
G69G17000200001,2021,232018.64
G69G17000200001,2022,85520.55
G71F19000100008,2023,202301.38
G74I20000260001,2021,720.0
G74I20000260001,2023,12556.18
G74I20000260001,2024,72985.99
G74I20000260001,2025,36121.56
G75F18001660001,2025,56439.1
G75F18001660001,2026,1600.49
G78C18000110002,2023,26166.93
G78E18000170003,2022,913.54
G78E18000170003,2023,10177.81
G81J20000140001,2021,11355.45
G81J20000140001,2022,113559.25
G81J20000140001,2023,74499.23
G82J18012940001,2024,64453.36
G82J18012940001,2025,18753.99
G83B18006670002,2019,21410.76
G83B18006670002,2020,20537.6
G88C18000130001,2019,29099.69
G88C18000130001,2020,107918.09
G88C18000130001,2022,1060256.33
G88C18000130001,2023,724956.67
G88C18000130001,2024,1070884.99
G89G19000570002,2020,15301.05
G89G19000570002,2021,63557.38
G91B20000960001,2021,11596.19
G91B20000960001,2022,178798.42
G91B21007580001,2022,71137.63
G91B21007580001,2023,393774.61
G91B21007580001,2024,501583.35
G91B21007580001,2025,237872.49
G92H17000050001,2020,6915.49
G92H17000050001,2021,91520.0
G92H17000050001,2024,21564.49
G93B17000010004,2020,25216.18
G93B17000010004,2023,269290.68
G93B17000010004,2024,78125.1
G93D20001040001,2021,5773.04
G93D20001040001,2022,5802.28
G93D20001040001,2024,7523.67
G93D20001040001,2025,104357.95
G93D20001040001,2026,211970.0
G94H22000050001,2024,17212.55
G94H22000050001,2025,346492.33
G94I19001400001,2021,1002.91
G94I19001400001,2023,400.0
G94I19001400001,2024,169176.65
G95C18000060001,2022,5300.48
G95C18000060001,2024,90358.01
G95C18000060001,2025,22047.79
G95C18000060001,2026,585956.0
G95E17000030001,2023,19032.0
G95E17000030001,2024,129084.75
G95E17000030001,2025,383124.38
G96C22000090001,2024,844239.74
G96D18000230001,2021,6965.0
G96D18000230001,2022,11799.13
G96D18000230001,2023,48122.74
G96D18000230001,2024,127780.63
G96J17000790001,2024,95136.93
G96J17000790001,2025,14981.2
G96J17000790001,2026,84026.98
G97H21030850001,2021,2919.77
G97H21030850001,2022,3127.09
G97H21030850001,2023,502550.71
G97H21030850001,2024,22339.03
G97H24000020001,2025,73000.0
G99D17001080001,2024,195172.4
G99D17001080001,2025,3126.07
G99D17001090001,2023,6978.4
G99D17001090001,2024,15091.4
H13H19000730002,2023,12346.93
H13H19000730002,2024,36816.45
H13H19000730002,2025,24424.4
H13H19000730002,2026,54462.08
H13I18000160005,2024,6344.0
H14E20001370001,2021,2100.0
H14J19000140001,2021,2247.13
H14J19000140001,2022,17690.38
H14J19000140001,2025,121549.48
H16G20000140002,2020,14681.07
H21B21003830005,2023,2150.25
H21B21003830005,2024,1918.97
H21B21003830005,2025,466970.2
H22B20000020002,2020,47580.0
H22B20000030002,2022,13835.24
H24C19000050001,2021,20923.84
H24C19000050001,2022,488.0
H24C19000050001,2024,8646.14
H24C19000050001,2025,428122.81
H24D20000040005,2022,75689.97
H24H20001260005,2021,42608.03
H24H20001260005,2022,68533.44
H26B18001740001,2023,16407.03
H26B18001740001,2024,200.0
H26C18000040005,2018,3112.88
H26C18000040005,2019,243773.2
H26C18000040005,2021,8117.84
H26C18000040005,2022,4116.88
H27C18000220001,2024,6723.13
H27H21000340001,2023,51600.08
H27H21000340001,2024,16104.0
H27H21000340001,2025,108944.33
H27H21000350001,2023,35169.26
H27H21000350001,2024,11165.44
H27H21000350001,2025,71375.21
H27H21004270001,2022,328845.39
H27H21004270001,2023,35380.0
H29E18000100005,2020,153403.67
H29E18000100005,2021,10833.67
H29E18000100005,2022,130179.57
H29E18000100005,2024,53403.54
H29E18000100005,2025,37522.94
H32F23000410001,2024,24515.3
H32J20000150001,2021,54300.0
H32J20000150001,2022,140740.51
H34B18000010001,2022,29052.05
H34B18000010001,2023,18930.63
H34B18000010001,2024,18930.65
H34G18000000001,2024,1776.32
H34G18000000001,2025,13838.44
H34G18000000001,2026,66947.07
H34G18000010001,2022,30.0
H34G18000010001,2023,2050.38
H34G18000010001,2024,3606.32
H35I18000250005,2020,41008.44
H35J19000090002,2022,2055.05
H35J19000090002,2023,17170.93
H35J19000090002,2025,149430.48
H35J19000090002,2026,106456.75
H37B16000950004,2022,507758.76
H37B16000950004,2023,516441.79
H37B16000950004,2024,1103098.41
H37B16000950004,2026,435055.75
H37H20000830005,2021,40818.15
H37H20000830005,2022,104669.76
H38D23000040001,2024,98160.76
H38D23000050001,2024,24356.73
H38E17000070001,2019,53521.86
H38E17000070001,2021,213756.77
H38E17000070001,2022,107786.4
H38E17000070001,2023,262539.06
H38E17000070001,2024,451440.45
H38E17000070001,2025,83953.52
H38E17000070001,2026,4846.82
H39D18000030001,2022,48995.74
H39D18000030001,2023,142591.46
H39D18000030001,2024,52940.36
H41B16000380004,2017,14123.68
H42J20000110006,2022,29244.51
H42J20000110006,2023,34393.35
H43B20000170006,2022,33288.25
H43B20000170006,2023,63725.89
H43B20000180006,2018,8210.81
H43B20000180006,2019,4439.04
H43B20000180006,2022,10760.31
H43B20000190006,2018,11818.18
H43B20000190006,2019,4161.6
H43B20000220006,2021,11055.08
H43B20000220006,2022,67814.99
H43B20000220006,2024,355880.23
H43B20000220006,2025,312554.4
H43D20002190006,2018,16038.99
H43D20002190006,2019,5704.33
H43D20002190006,2020,1860.94
H43D20002190006,2021,296256.37
H43D20002190006,2022,333863.95
H43D20002190006,2024,15512.1
H43D20002200006,2018,10223.26
H43D20002200006,2019,15656.61
H43D20002200006,2021,121260.02
H43D20002200006,2022,129413.17
H43D20002200006,2023,156751.39
H43D20002200006,2024,1315.2
H43D20002200006,2025,31524.41
H43D20002210006,2018,7421.52
H43D20002210006,2019,66036.28
H43D20002210006,2021,199147.67
H43D20002210006,2022,7777.5
H43D20002210006,2023,528965.99
H43D20002210006,2024,737794.23
H43D20002210006,2025,-89222.96
H43I20000030003,2023,56893.0
H43I20000030003,2024,158908.4
H43I20000030003,2025,8902.23
H45B21000040002,2023,33727.63
H46C22000070001,2023,5000.0
H46C22000070001,2024,15993.4
H48F20000030006,2020,7888.84
H48F20000030006,2021,6513.78
H48F20000030006,2022,6210.83
H48F20000030006,2023,18585.14
H48F20000030006,2024,328373.5
H48F20000030006,2025,697672.24
H49D23000010001,2024,7457.64
H49D23000010001,2025,149288.9
H49E20000130001,2024,25616.44
H49E20000130001,2025,131532.28
H49E20000130001,2026,135294.65
H51E20000010005,2020,65719.57
H51E20000010005,2021,180539.18
H51E20000010005,2022,3741.25
H53B20000100006,2022,20478.48
H53B20000100006,2023,37944.18
H53B20000100006,2025,26655.49
H53B20000110006,2022,21202.51
H53B20000120006,2021,10871.41
H53B20000120006,2022,33842.53
H53B20000120006,2023,6522.85
H53B20000120006,2024,29830.58
H53B20000120006,2025,5488.79
H53B20000130006,2021,9016.27
H53B20000130006,2022,31183.04
H53D20002320006,2018,16748.16
H53D20002320006,2019,28878.98
H53D20002320006,2020,130737.89
H53D20002320006,2021,88140.7
H53D20002320006,2022,2834.04
H53D20002320006,2023,278413.71
H53D20002330006,2019,30766.8
H53D20002330006,2020,139190.38
H53D20002330006,2022,203357.6
H53D20002330006,2023,117823.33
H53D20002340006,2018,17873.0
H53D20002340006,2019,26514.95
H53D20002340006,2022,331346.73
H53D20002340006,2023,179407.14
H53D21000180006,2021,6625.51
H53D21000180006,2022,27489.37
H53G20000660001,2024,3591.61
H53G20000660001,2025,32992.97
H53G20000660001,2026,83430.65
H54B17000130001,2019,46612.45
H54B17000130001,2020,29518.3
H54B17000130001,2021,16701.77
H54B17000130001,2022,4153.8
H54B17000130001,2023,30071.48
H54C19000000001,2019,23020.4
H54C19000000001,2020,15625.48
H54C19000000001,2021,35354.57
H54C19000000001,2022,161395.63
H54C19000000001,2023,121579.99
H54C19000000001,2024,74325.55
H54C19000000001,2025,4578.0
H54C19000010001,2018,624.0
H54C19000010001,2020,82004.74
H54C19000010001,2021,258086.05
H54C19000010001,2022,31226.36
H54C19000010001,2023,822.23
H55E17000010001,2020,12156.47
H55E17000010001,2021,314101.86
H55E17000010001,2022,528726.4
H55E17000010001,2023,876856.0
H55E17000010001,2024,627560.53
H55E17000010001,2025,82127.01
H55G23000000005,2023,285.0
H55G23000000005,2024,35.0
H55G23000000005,2025,91.48
H56J21000030001,2023,72107.31
H56J21000030001,2024,1661268.64
H56J21000030001,2025,755368.87
H56J23000040001,2024,5075.2
H56J23000040001,2025,50985.1
H56J23000040001,2026,51571.19
H57D23000010001,2025,23829.89
H57D23000010001,2026,51758.7
H58B18000040002,2019,54129.31
H59C18000020001,2019,4749.75
H59C18000020001,2020,24976.22
H59C18000020001,2021,112881.25
H59J21001190006,2023,24287.02
H59J21001190006,2024,11527.61
H61B21004550001,2023,48947.93
H63B19000350001,2022,36573.88
H63B19000350001,2023,41690.0
H63B19000350001,2024,49964.4
H64F17000010001,2018,4014.0
H64J19000050001,2021,5328.28
H64J19000050001,2023,335470.52
H64J19000050001,2024,113708.7
H64J19000050001,2025,4206.45
H67C18000330001,2023,49871.71
H68E18000190001,2024,33180.66
H68E18000190001,2025,22184.26
H69C18000070001,2020,3599.0
H69C18000070001,2021,53816.73
H69C18000070001,2023,34804.17
H69J21014550001,2025,15329.08
H71F18000050002,2020,78155.87
H71F18000050002,2021,37811.72
H73D20001690006,2018,5403.32
H73D20001690006,2019,16184.74
H73D20001690006,2021,69517.2
H73D20001690006,2022,67690.9
H73D20001690006,2023,97610.14
H73D20001690006,2025,15795.51
H74B17000060001,2019,38922.98
H74B17000060001,2020,102105.6
H74B17000060001,2021,125292.28
H74B17000060001,2022,10769.58
H78I21001610001,2024,9561.87
H86J17000450001,2018,2608.36
H86J17000450001,2019,799.1
H86J17000450001,2020,3378.4
H86J17000450001,2021,21236.18
H86J17000450001,2022,846.16
H86J17000450001,2023,12261.0
H87H20003060001,2022,159455.04
H88G20000060001,2022,7547.95
H88G20000060001,2025,31262.28
H89B22000010003,2024,3651982.53
H89B22000010003,2025,2357390.19
H89B22000010003,2026,433255.54
H89F19000130001,2021,49138.52
H89F19000130001,2022,41905.18
H89F19000130001,2023,157911.88
H89F19000130001,2025,120619.8
H89H18000170001,2018,8543.54
H89H18000170001,2021,467815.17
H89H18000170001,2022,143066.75
H89H18000170001,2023,335729.04
H89H18000170001,2024,391438.89
H89H18000170001,2025,188057.71
H92F16000290001,2024,43114.56
H92F16000290001,2025,109800.0
H92F16000290001,2026,87342.76
H93D20002590006,2019,197736.58
H93D20002590006,2020,218241.8
H93D20002590006,2021,404996.87
H93D20002590006,2022,186434.02
H93D20002590006,2023,27838.21
H93H18000110001,2022,62304.66
H93H18000110001,2024,45791.57
H97F19000100001,2020,9198.8
H97F19000100001,2021,23505.89
H97F19000100001,2024,12638.47
H97H22000970001,2024,12688.0
H97H22000980001,2024,4948.32
H99D22000140001,2024,12688.0
H99D23000060003,2024,4058.0
I12C19000340001,2023,5000.0
I12C21000330001,2024,32927.17
I19F17000090001,2019,84145.55
I19F17000090001,2020,66629.35
I21B19000450001,2021,28000.0
I21B19000450001,2022,40883.38
I21F18000020001,2021,1141.92
I21F18000020001,2023,391038.31
I21F18000020001,2024,6868.6
I24C18000190001,2021,140826.45
I24C18000190001,2022,307530.22
I24C18000190001,2023,99424.69
I24C18000190001,2024,46542.41
I25C18000030001,2023,249308.02
I25C18000030001,2024,899029.74
I25C18000030001,2025,512774.57
I25C20000010001,2021,3362.63
I25C20000010001,2024,27914.78
I25C20000010001,2025,344140.68
I25C20000010001,2026,5856.0
I27B16000380001,2024,3809.94
I27B16000380001,2025,14537.12
I27B16000390001,2024,929.64
I27B16000390001,2025,59426.56
I27C20000120001,2021,82604.39
I27C20000120001,2022,29731.79
I29B18000070001,2020,57917.46
I29J20001190001,2021,57103.69
I29J20001190001,2022,2702.66
I31B21003270005,2024,362290.66
I31B21003270005,2025,138930.84
I32E19000030007,2022,1899.19
I32E19000030007,2023,58123.47
I32E19000030007,2024,129099.0
I32E19000030007,2025,176396.36
I32E19000030007,2026,5999.72
I33B20000030001,2020,4123.6
I33B20000030001,2021,9503.8
I33B20000030001,2023,2745.0
I33B20000030001,2025,8031.81
I33G18000050001,2019,2587.72
I33G18000050001,2020,9417.11
I33H20000370005,2023,197717.15
I33H20000370005,2024,138060.23
I33H20000370005,2025,1929214.77
I33J18000130007,2020,48114.35
I33J18000130007,2021,2400.0
I33J18000130007,2022,156815.53
I33J18000130007,2023,90044.02
I33J18000130007,2024,680102.18
I34J20000040001,2019,9198.6
I34J20000040001,2020,15080.0
I34J20000040001,2021,15080.0
I34J20000040001,2022,378611.66
I34J20000040001,2023,544797.35
I34J20000040001,2024,409802.63
I35E17000000003,2018,11391.75
I35E17000000003,2019,1098.0
I35E17000000003,2021,15309.04
I35E17000000003,2022,11956.0
I35E17000000003,2024,3827.27
I35F21002830002,2025,55667.82
I35F21002830002,2026,32679.86
I35F22001610001,2024,608735.15
I35F22001610001,2025,79511.95
I36E17000030001,2019,51142.66
I36E17000030001,2021,58174.06
I37B18000350001,2021,10756.65
I37B18000350001,2023,24916.62
I37B18000360001,2022,15927.16
I37H20003000005,2023,77124.84
I37H20003000005,2024,94075.6
I38E18000300001,2021,12418.08
I38E18000300001,2024,45508.64
I38E18000340001,2020,7967.82
I38E18000340001,2023,231475.97
I38E18000340001,2024,408598.3
I38E18000340001,2025,538058.4
I38E18000350001,2022,51124.38
I38E18000350001,2023,43030.73
I38E18000350001,2024,673378.01
I38E18000630001,2023,52186.97
I39F19000200002,2020,62730.45
I42C21000340001,2025,4978.15
I42C21000350001,2023,14993.14
I42C21000350001,2024,7722.4
I42C21000350001,2025,67889.63
I42C21000350001,2026,9147.58
I43B20000060001,2022,12936.1
I43B20000060001,2025,70555.02
I43B20000060001,2026,266921.83
I43B20000130001,2022,5366.28
I43B20000130001,2023,38480.28
I43B20000130001,2024,61671.87
I43B20000130001,2025,68071.79
I43B20000130001,2026,2334.83
I43B20000140001,2022,9688.25
I43B20000140001,2023,106440.32
I43B20000140001,2024,116930.0
I43B20000140001,2025,90860.0
I43B20000140001,2026,114602.32
I43B20000150001,2022,4725.99
I43D21002130001,2024,6831.85
I43D21002130001,2025,191983.51
I43D21002130001,2026,133205.39
I43F20000010001,2022,11524.74
I43F20000010001,2023,400.0
I43F20000010001,2025,65811.59
I43H17000010001,2020,5996.04
I43H17000010001,2022,26260.12
I43H17000010001,2023,10141.46
I44H22000460001,2023,13938.84
I44H22000460001,2025,212503.49
I44H22000460001,2026,4346.15
I44J19000020001,2022,447.2
I44J19000020001,2023,44116.71
I44J19000020001,2024,493358.24
I44J19000020001,2025,53546.61
I45F22000400001,2024,13537.48
I45F22000400001,2025,282358.2
I45F22000410001,2024,6557.78
I45F22000410001,2025,45076.08
I45F22000410001,2026,152730.99
I45H18000570001,2023,33972.55
I46C19000080001,2019,2928.0
I46C19000080001,2020,42270.17
I46H22000010001,2024,2533.18
I46H22000010001,2025,77617.32
I46H22000010001,2026,56685.94
I47B19000040001,2020,2904.69
I47B19000040001,2021,3121.83
I47B19000040001,2022,660217.85
I47B19000040001,2023,2758949.19
I47B19000040001,2024,2539669.71
I47B19000040001,2025,2447023.44
I48E17000020001,2019,5307.0
I48E17000020001,2019,5307.0
I48E17000020001,2020,51909.02
I48E17000020001,2020,51909.02
I48E17000020001,2021,4056.72
I48E17000020001,2021,4056.72
I49G19000080005,2020,47395.22
I49G20000120001,2021,209686.86
I51D17000050001,2018,26000.0
I51D17000050001,2019,11499.97
I51E20000050001,2021,169055.33
I51E20000050001,2022,39128.83
I51G18000580006,2020,39149.8
I53H17000050001,2019,4545.06
I53H17000050001,2020,18883.35
I53H17000050001,2021,9175.18
I53H17000050001,2022,127475.16
I53H17000050001,2023,196775.83
I53H17000050001,2024,141748.54
I53H17000050001,2025,37022.88
I53H18000110001,2019,18989.22
I53H18000110001,2021,442475.39
I53H18000110001,2022,20946.52
I53H19000790001,2020,125837.3
I53H19000790001,2021,15626.37
I54C18000130001,2019,14831.95
I54C18000130001,2020,194781.8
I54C18000130001,2021,232556.79
I54C18000130001,2022,240995.38
I54C18000140001,2019,20760.46
I54C18000140001,2020,32935.18
I54C18000140001,2021,24887.6
I54C18000140001,2022,509708.84
I54C18000140001,2023,72088.73
I54J19000020001,2022,23616.33
I54J19000020001,2023,301255.69
I54J19000020001,2024,325562.93
I54J19000030001,2021,10857.16
I54J19000030001,2022,17063.51
I54J19000030001,2023,648005.44
I54J19000030001,2024,186093.58
I54J19000060001,2022,257750.66
I54J19000060001,2023,617039.02
I54J19000060001,2024,2149.69
I54J19000080001,2021,8806.62
I54J19000080001,2022,3354.0
I54J19000080001,2023,10287.09
I54J19000080001,2024,21120.96
I54J19000090001,2022,33802.8
I54J19000090001,2023,48186.97
I54J19000090001,2024,717558.86
I54J19000090001,2025,17234.06
I57B19000020001,2020,3032.37
I57B19000020001,2021,90644.2
I57B19000020001,2022,360569.56
I57B19000020001,2023,2100750.0
I57B19000020001,2024,1974354.79
I57B19000020001,2025,1469214.57
I57H21005270001,2024,5118.8
I59E17000030001,2019,179095.99
I59E17000030001,2020,107066.38
I59J21003340001,2023,67087.52
I59J21003340001,2024,674.67
I59J21003350001,2023,104931.52
I59J21003350001,2024,3121.61
I59J21003360001,2022,7159.78
I59J21003360001,2023,79643.36
I59J21003360001,2024,18505.61
I61B19000030005,2021,16958.0
I61B19000030005,2023,354674.55
I61B19000030005,2024,198249.12
I61B19000030005,2025,94398.85
I61B19000030005,2026,15584.99
I61E17000640002,2019,6849.46
I61E17000640002,2020,11815.75
I61E17000640002,2021,1387.85
I61E17000640002,2022,85725.67
I61E17000640002,2023,1698.0
I61E17000640002,2024,140034.47
I62C21000230001,2023,81227.13
I62C21000230001,2024,34913.18
I62C21000230001,2025,1653.46
I63B20000160001,2023,155.14
I63B20000160001,2025,84931.94
I63H17000020007,2019,8024.55
I63H17000020007,2020,45934.58
I63H17000020007,2021,15073.11
I63H17000020007,2022,157794.12
I63H17000020007,2023,125094.19
I63H17000020007,2024,230377.85
I67H21002950005,2024,22233.29
I67H21002950005,2025,407597.62
I67H21003010005,2026,9721.75
I67H21003060001,2024,8380.18
I67H21003100001,2024,2055.06
I67J19000010005,2021,19765.03
I67J19000010005,2022,500.0
I67J19000010005,2024,43707.62
I67J19000010005,2025,70630.46
I67J19000010005,2026,469684.75
I69F17000130001,2019,36831.36
I69F17000130001,2020,21953.99
I69F17000130001,2021,70932.91
I72B22000350001,2023,38709.22
I72B22000350001,2024,224475.83
I72B22000350001,2025,7211.6
I72B22000380002,2025,19345.38
I73H22000020001,2025,48430.49
I75B18000590005,2020,99088.83
I75B18000590005,2024,726.7
I76I22000010001,2024,29255.16
I76I22000010001,2025,158261.38
I77H22001390001,2024,255096.41
I77I18000950005,2019,13314.23
I77I18000950005,2020,24495.18
I77I18000950005,2021,93927.66
I77I18000950005,2022,7985.43
I77I18000950005,2023,9490.9
I78B19000010005,2022,145876.83
I81D18000010001,2021,18659.6
I81D18000010001,2022,38766.34
I81D18000010001,2023,176842.74
I81D18000010001,2024,12999.05
I81D18000010001,2025,806.65
I81H17000050002,2019,119275.2
I82C21000480001,2024,5295.66
I82C21000500001,2024,3076.27
I83B19000220002,2020,1191.31
I83B19000220002,2021,27039.33
I83B19000220002,2022,23781.83
I83B19000220002,2023,11679.33
I83B19000220002,2024,373334.44
I83B19000220002,2025,686646.5
I83B20000060002,2020,105558.66
I83B20000060002,2021,101078.1
I83B20000060002,2023,9548.24
I83B20000060002,2025,2950.77
I83B20000080001,2021,5157.38
I83B20000080001,2024,31799.28
I83B20000080001,2025,101544.14
I83B20000080001,2026,9004.71
I83G20000790002,2021,11108.78
I83G20000790002,2022,167445.3
I83G20000790002,2023,1203.52
I83G20000790002,2025,2678.51
I83H17000030007,2019,44123.35
I83H17000030007,2020,789.22
I83H17000030007,2021,13983.18
I83H17000030007,2022,202516.31
I83H17000030007,2023,262249.19
I83J20000010002,2021,26616.07
I83J20000010002,2025,390391.43
I84B18000050002,2020,11259.87
I84B18000050002,2021,33606.29
I84B18000050002,2024,37716.1
I84B18000050002,2025,390584.44
I84B18000050002,2026,4680.05
I85F21004000001,2024,47096.37
I85F21004010001,2024,15993.98
I85F21004010001,2025,75511.47
I86G21001780004,2021,5692.65
I86G21001780004,2022,157764.98
I86G21001780004,2023,9066.52
I87C17000000002,2021,330152.3
I87C17000000002,2022,136041.68
I87C17000000002,2023,322733.82
I87C17000000002,2024,11831.32
I87H21003570001,2024,76085.17
I87H21003570001,2025,9836.25
I87H21003590001,2024,40626.0
I87H21003590001,2026,31424.4
I87H21003600001,2024,15251.18
I87H21003600001,2025,9676.58
I87H21003610001,2024,10042.67
I89C17000110001,2024,2261.78
I89C18000020002,2018,750908.12
I89C18000020002,2019,651600.01
I89C18000020002,2020,375839.69
I89E17000030002,2022,113841.3
I89G19000490002,2020,109306.29
I89J18000310001,2023,22672.0
I89J18000310001,2024,5901.77
I89J18000310001,2025,90707.52
I89J21017930001,2023,11590.0
I89J21017930001,2024,5550.17
I93H19000310001,2020,63580.16
I93H19000310001,2021,234836.64
I95B17000010001,2019,33639.23
I95B17000010001,2020,115224.09
I95B17000010001,2021,11454.09
I95B17000010001,2022,717.53
I95B17000010001,2023,9287.94
I95B17000010001,2024,400306.65
I95B17000010001,2025,615200.1
I95B17000010001,2026,906185.63
I96J23000030001,2024,8601.39
I96J23000030001,2025,5664.01
I96J23000030001,2026,8955.6
I97B23000040001,2023,4086.0
I97B23000040001,2025,132972.41
J12C21001790001,2021,68192.42
J12C21001790001,2022,126184.8
J12C21001790001,2023,36400.0
J12C21001790001,2024,707647.2
J12C21001790001,2025,338496.2
J12C21001790001,2026,20204.0
J12C21001800001,2021,209537.06
J12C21001800001,2022,255656.62
J12C21001800001,2023,370083.17
J12C21001800001,2024,1497894.07
J12C21001800001,2025,982660.19
J12C21001800001,2026,6124.58
J12C21001810001,2022,167423.15
J12C21001810001,2023,156427.05
J12C21001820001,2021,42111.64
J12C21001820001,2022,303678.73
J12C21001820001,2023,646560.07
J12C21001820001,2024,163470.14
J12C21001820001,2025,4527.33
J13F20000010001,2021,34916.4
J13F20000010001,2022,76799.8
J13F20000010001,2023,97278.4
J13F20000010001,2024,207670.91
J13F20000010001,2025,31781.0
J13F20000010001,2026,35.0
J13F20000020001,2021,34650.92
J13F20000020001,2022,33802.0
J13F20000020001,2024,1095045.83
J13F20000020001,2025,406256.13
J13F20000020001,2026,447918.22
J13F20000030001,2021,25135.48
J13F20000030001,2022,49442.47
J13F20000030001,2023,5720.0
J13F20000030001,2024,44181.95
J13F20000030001,2025,1870024.2
J13F20000030001,2026,1741321.89
J13H19000130001,2020,48683.29
J13H19000130001,2021,127388.78
J13H19000130001,2022,50869.4
J13H19000130001,2023,1779797.59
J13H19000130001,2024,2471058.8
J13H19000130001,2025,82317.3
J13H19000130001,2026,65362.8
J28B18000110006,2019,64870.08
J28B18000110006,2020,6391.4
J28B18000110006,2021,531736.8
J28B18000110006,2022,361913.83
J29B18000110002,2019,4313.92
J29B18000110002,2020,50076.82
J29B18000110002,2021,7808.0
J29B18000110002,2022,305.0
J29D19000000001,2021,15357.74
J29D19000000001,2022,73524.97
J29D19000000001,2023,77776.7
J29D19000010002,2020,1733.62
J29D19000010002,2021,3895.66
J29D19000020002,2021,6256.15
J29G20000080001,2022,130734.22
J29G20000090001,2021,68035.27
J29I18000010002,2019,3222.3
J29I18000010002,2020,41151.12
J29I18000010002,2021,40852.66
J31B21003840005,2021,917.47
J31B21003840005,2022,191647.87
J31B21003840005,2023,77646.71
J31E20000100001,2021,40632.26
J31E20000100001,2022,35513.8
J32F18000150001,2022,41324.71
J32F18000150001,2023,114859.29
J32F18000150001,2024,105716.19
J33B19000310002,2022,36965.54
J33B19000310002,2024,607397.32
J33B19000310002,2025,137500.0
J34B19000080002,2020,6240.0
J34B19000080002,2021,98170.38
J34B19000080002,2022,68458.93
J34B19000080002,2023,5948.75
J34H20000260001,2020,5457.83
J34H20000260001,2021,133366.16
J34I19001640001,2019,13618.2
J34I19001640001,2020,58152.06
J34I19001640001,2022,40006.77
J35H19000050006,2019,29700.0
J35H19000050006,2020,19507.71
J37B20000440001,2021,27459.65
J37B20000440001,2022,332.8
J37B20000440001,2023,22842.39
J37H21004170001,2024,12810.0
J37H21004170001,2025,86295.64
J47H19000010001,2021,190107.95
J49D18000020002,2021,30.0
J49D18000020002,2022,6212.98
J49D18000020002,2024,432042.08
J49D18000020002,2025,225954.19
J51B21002250001,2023,10651.76
J53H19000150001,2022,2184.0
J53I19000020001,2024,3258.56
J54H17000680001,2021,7865.93
J56J16000980001,2024,106442.16
J57B20000750001,2020,6659.17
J57B20000750001,2021,106749.94
J57B20000750001,2022,220222.74
J57B20000750001,2023,27311.31
J57H21007110001,2023,1727.15
J57H21007110001,2024,8475.29
J57H21007110001,2025,29780.8
J57H21007120001,2023,12763.28
J57H21007120001,2024,11475.48
J57H21007120001,2025,132460.02
J57H21007150001,2024,43641.95
J57H21007150001,2025,43058.42
J57H21007150001,2026,88724.83
J58H21000060001,2023,14493.6
J58H21000060001,2024,16673.19
J61B20000580005,2021,95508.35
J61B20000580005,2022,113114.73
J62B20000120005,2021,1795.5
J62B20000120005,2022,4182.2
J62F23000070001,2024,9622.05
J63C20001680001,2022,25219.49
J63C20001680001,2025,762.5
J63C20001680001,2026,115803.89
J63H19001010001,2021,17793.54
J63H19001010001,2022,181095.09
J63H19001010001,2023,45388.06
J64F18000460005,2021,15505.54
J64F18000460005,2022,38764.94
J64F18000460005,2023,30845.65
J64F18000460005,2024,560669.25
J64F18000460005,2025,436415.61
J64F18000460005,2026,89953.37
J66F18000240002,2019,10359.13
J66F18000240002,2020,1830.0
J66J21000030001,2025,36465.9
J68E17000030005,2019,1518.0
J68E17000030005,2020,67931.62
J72B20000000001,2021,14013.15
J72B20000000001,2022,42927.76
J72E20000000001,2021,5779.09
J72E20000000001,2022,93452.25
J72E20000000001,2023,90534.52
J76F19000290006,2022,12777.35
J77B18000040005,2019,250.0
J77B18000040005,2020,47498.92
J77H20001880001,2021,54833.21
J77H20001880001,2022,143712.39
J79H18000060002,2018,609.33
J79H18000060002,2020,217.83
J79H18000060002,2021,32878.66
J79H18000060002,2022,68192.86
J79H18000060002,2024,655315.77
J79J21014840005,2025,1561.1
J83B19000180005,2021,150.0
J83B19000180005,2022,71678.36
J83B19000180005,2023,162980.86
J92F21000080001,2024,19900.86
J92F21000080001,2025,73742.42
J92F23000050001,2025,137136.82
J99F19000020001,2020,124469.7
J99F19000020001,2021,171207.01
J99F19000020001,2022,132740.93
