regione,provincia,comune,rcr_presentate,rcr_approvate,importo_richiesto,importo_concesso,importo_liquidato,cantieri_in_corso,cantieri_chiusi,cod_istat_comune
Marche,Pesaro e Urbino,Cagli,14,8,2966403.72,1801852.9300000002,1412201.5899999999,1,5,041007
Marche,Pesaro e Urbino,Cantiano,1,1,199983.47,179580.13,179580.13,0,1,041008
Marche,Pesaro e Urbino,Fossombrone,3,1,937070.66,521805.03,521805.03,0,1,041015
Marche,Pesaro e Urbino,Frontone,2,2,686676.11,729437.85,474290.67,2,0,041018
Marche,Pesaro e Urbino,Mondavio,3,1,354168.99,351381.96,351381.96,0,1,041028
Marche,Pesaro e Urbino,Pergola,33,26,4028204.8,3098448.27,2890947.63,1,25,041043
Marche,Pesaro e Urbino,San Lorenzo in Campo,4,4,645199.99,607030.34000000008,483336.81,1,3,041054
Marche,Pesaro e Urbino,Sant'Ippolito,3,2,2026257.76,2045032.01,1575355.61,0,1,041058
Marche,Pesaro e Urbino,Serra Sant'Abbondio,9,8,2698551.3,2625297.4,1119087.73,4,4,041061
Marche,Pesaro e Urbino,Urbino,1,1,6325034.1100000003,9177888.2200000007,7538392.9000000004,0,1,041067
Marche,Pesaro e Urbino,Vallefoglia,1,1,622446.27,646329.67000000004,490900.53,1,0,041068
Marche,Ancona,Agugliano,3,2,1499775.44,956083.97,632581.66,2,0,042001
Marche,Ancona,Ancona,15,10,14139599.84,9649933.1499999985,6302692.8300000001,3,7,042002
Marche,Ancona,Arcevia,18,8,4116482.29,2062235.12,1215363.31,2,5,042003
Marche,Ancona,Barbara,1,0,395526.97,0,0,0,0,042004
Marche,Ancona,Belvedere Ostrense,2,2,976526.57,787079.24,787079.24,0,2,042005
Marche,Ancona,Camerano,4,2,11191953.26,1305104.8799999999,672273.23,2,0,042006
Marche,Ancona,Castelbellino,6,4,1594493.3900000001,1063857.01,894521.83000000007,0,3,042008
Marche,Ancona,Castelfidardo,3,1,775570.01,358079.55,358079.55,0,1,042010
Marche,Ancona,Castelleone di Suasa,6,4,1245731.8799999999,646060.48,511802.07,0,4,042011
Marche,Ancona,Castelplanio,14,11,5521331.9900000002,5241245.99,4833438.8199999994,1,9,042012
Marche,Ancona,Cerreto d'Esi,95,60,25445494.34,19896338.050000001,13601263.190000001,15,40,042013
Marche,Ancona,Cupramontana,43,31,22078895.619999997,19720740.460000001,10651504.800000001,11,18,042016
Marche,Ancona,Fabriano,263,191,206236885.25,151283372.47999999,89108833.120000005,69,113,042017
Marche,Ancona,Falconara Marittima,1,1,181166.44,165812.22,165812.22,0,1,042018
Marche,Ancona,Filottrano,18,15,15820404.32,16019492.66,11640301.1,6,9,042019
Marche,Ancona,Genga,31,23,5514338.3000000007,4438261.51,4553611.28,3,19,042020
Marche,Ancona,Jesi,6,5,4373872.12,4120630.8899999997,2082785.75,1,4,042021
Marche,Ancona,Loreto,1,1,217104.93,76104.600000000006,76104.600000000006,0,1,042022
Marche,Ancona,Maiolati Spontini,10,8,7206812.2999999998,6588460.1600000001,6389778.9899999993,0,8,042023
Marche,Ancona,Mergo,4,4,706987.82000000007,692036.55,520031.88,2,2,042024
Marche,Ancona,Monsano,1,1,1309600.3899999999,1499821.62,1045080.94,1,0,042025
Marche,Ancona,Montecarotto,1,1,701347.39,625041.22,625041.22,0,1,042026
Marche,Ancona,Monte Roberto,12,6,3361596.03,2131449.4300000002,2043151.2200000002,0,6,042029
Marche,Ancona,Monte San Vito,9,7,2698033.25,2108648.91,1689452.02,3,4,042030
Marche,Ancona,Morro d'Alba,3,2,1377160.45,855704.23,776027.91,1,1,042031
Marche,Ancona,Offagna,1,1,248113.77,228036.18,196557.58,0,1,042033
Marche,Ancona,Osimo,13,8,24587195.41,16822019.969999999,7993319.6799999997,7,1,042034
Marche,Ancona,Ostra,8,4,6709123.4900000002,4669154.22,3923634.39,1,3,042035
Marche,Ancona,Ostra Vetere,2,2,666373.02,595310.80000000005,157886.51999999999,1,1,042036
Marche,Ancona,Poggio San Marcello,3,2,134380.10999999999,132173,138825.60999999999,0,2,042037
Marche,Ancona,Polverigi,1,1,11796.49,11770.16,11770.16,0,1,042038
Marche,Ancona,Rosora,6,5,7467805.6199999992,6228332.3700000001,3075634.3400000003,3,2,042040
Marche,Ancona,San Marcello,3,2,653087.93999999994,311772.68,898091.5,0,2,042041
Marche,Ancona,San Paolo di Jesi,11,7,2051917.66,2110547.21,1313945.1300000001,2,5,042042
Marche,Ancona,Santa Maria Nuova,4,3,1174191.05,1138944.8400000001,1418353.8,0,3,042043
Marche,Ancona,Sassoferrato,40,33,7671146.0299999993,6677175.9700000007,6607798.2200000007,2,30,042044
Marche,Ancona,Senigallia,2,1,1212312.96,1095886.2,672289.2,1,0,042045
Marche,Ancona,Serra de' Conti,6,3,9513599.8300000001,328539.11,559840.18999999994,0,3,042046
Marche,Ancona,Serra San Quirico,40,22,15639784.569999998,10270294.4,5482128.0699999994,10,12,042047
Marche,Ancona,Sirolo,2,1,1599060.86,1572053.15,1572053.15,0,1,042048
Marche,Ancona,Staffolo,46,32,20904209.290000003,17078965.23,12049646.660000002,13,18,042049
Marche,Macerata,Apiro,196,135,61263801.290000007,51334937.100000001,33090471.539999999,49,80,043002
Marche,Macerata,Appignano,57,40,39453108.210000001,20665101.560000002,16388658.85,11,29,043003
Marche,Macerata,Belforte del Chienti,131,99,53381251.289999999,43309889.929999992,32717136.390000001,26,70,043004
Marche,Macerata,Bolognola,65,48,26846457.140000001,18088015.619999997,11293290.130000001,19,23,043005
Marche,Macerata,Caldarola,286,204,169963195.68000001,134045784.75999999,84190744.939999998,93,101,043006
Marche,Macerata,Camerino,992,708,855178513.55999994,615536723.11000001,364185536.02999997,305,369,043007
Marche,Macerata,Camporotondo di Fiastrone,95,70,49387961.160000004,40049922.469999999,26884604.329999998,34,34,043008
Marche,Macerata,Castelraimondo,301,216,181279623.15000001,140962098.98000002,78574597.469999999,83,127,043009
Marche,Macerata,Castelsantangelo sul Nera,153,82,192813316.72,68280352.069999993,33418276.969999999,54,21,043010
Marche,Macerata,Cessapalombo,141,94,58171703.949999996,38058075.170000002,21500975.440000001,35,54,043011
Marche,Macerata,Cingoli,330,241,134185559.41999999,107232657.55000001,71321371.340000004,72,162,043012
Marche,Macerata,Civitanova Marche,6,6,11254830.129999999,11276773.890000001,6654940.71,3,3,043013
Marche,Macerata,Colmurano,124,85,51447750.519999996,35356475.579999998,22423661.57,50,32,043014
Marche,Macerata,Corridonia,215,151,93027759.5,62256893.589999996,38616690.899999999,50,96,043015
Marche,Macerata,Esanatoglia,129,102,27782488.530000001,22727114.48,16532214.350000001,17,85,043016
Marche,Macerata,Fiastra,428,307,163475974.57000002,123962028.37,83016697.949999988,114,183,043017
Marche,Macerata,Fiuminata,87,62,18922574.809999999,13421591.85,9125381.3499999996,15,44,043019
Marche,Macerata,Gagliole,101,72,74190567.840000004,55625321.149999999,31111279.279999997,29,40,043020
Marche,Macerata,Gualdo,200,128,74717948.049999997,57876980.260000005,36962492.68,53,69,043021
Marche,Macerata,Loro Piceno,139,99,61200558.300000004,42567896.370000005,28516037.57,35,60,043022
Marche,Macerata,Macerata,481,348,469621021.25999999,326009492,191095405.28,144,181,043023
Marche,Macerata,Matelica,336,240,251020844.24000001,180993368.21000001,123255385.28999999,80,146,043024
Marche,Macerata,Mogliano,149,109,52750981.920000002,34016641.5,23816977.25,35,71,043025
Marche,Macerata,Montecassiano,51,34,25120493.039999999,13286279.32,7888206.1899999995,15,17,043026
Marche,Macerata,Monte Cavallo,58,38,18920754,11997936.550000001,7040653.7399999993,9,27,043027
Marche,Macerata,Montecosaro,19,8,4147512.12,2476752.2000000002,1773232.29,5,3,043028
Marche,Macerata,Montefano,33,25,22077680.07,15260797.130000001,5961716.1899999995,7,15,043029
Marche,Macerata,Montelupone,53,41,22734642.050000001,17259842.73,13193592.029999997,15,25,043030
Marche,Macerata,Monte San Giusto,50,28,29072110.100000001,20685526.650000002,12397390.42,15,13,043031
Marche,Macerata,Monte San Martino,92,59,41975944.809999995,30245630.439999998,15939458.779999999,28,29,043032
Marche,Macerata,Morrovalle,61,41,29447199.530000001,19832658.649999999,14078118.74,15,23,043033
Marche,Macerata,Muccia,270,200,236032337.34999999,180695782.36999997,119588326.32000001,109,85,043034
Marche,Macerata,Penna San Giovanni,128,88,41417851.670000002,32662979.050000001,20866661.780000001,34,52,043035
Marche,Macerata,Petriolo,90,64,34218600.790000007,22073939.25,15362435.810000002,21,42,043036
Marche,Macerata,Pieve Torina,575,364,371294664.56,268997856.02000004,153724476.53,183,158,043038
Marche,Macerata,Pioraco,175,143,64863188.489999995,56893848.350000001,36220292.859999999,42,98,043039
Marche,Macerata,Poggio San Vicino,15,13,3478459.4800000004,3626986.15,1174172.33,5,8,043040
Marche,Macerata,Pollenza,221,156,96680569.25999999,75661934.089999989,50010280.170000002,72,80,043041
Marche,Macerata,Porto Recanati,5,3,480017.05,286774.40000000002,171789.2,2,1,043042
Marche,Macerata,Potenza Picena,24,22,30008763.280000001,29354147.869999997,10562600.35,10,11,043043
Marche,Macerata,Recanati,50,37,33350250.919999998,27081492.75,20759333.370000001,13,22,043044
Marche,Macerata,Ripe San Ginesio,71,49,21725800.149999999,17445829.140000001,13938406.750000002,10,33,043045
Marche,Macerata,San Ginesio,724,539,327773504.73000008,260275457.16,175524077.95000002,201,316,043046
Marche,Macerata,San Severino Marche,965,766,558830470.44000006,470816691.51999998,337409521.02000004,245,507,043047
Marche,Macerata,Sant'Angelo in Pontano,193,140,74419655.640000001,62679294.920000002,40294474.520000003,51,85,043048
Marche,Macerata,Sarnano,551,416,209498919.44999999,160562624.55000001,105016281.75000001,143,257,043049
Marche,Macerata,Sefro,68,50,10117368.890000001,7783444.8399999999,6189226.0199999996,7,43,043050
Marche,Macerata,Serrapetrona,164,136,63450670.159999996,53862883.189999998,39334115.399999999,50,79,043051
Marche,Macerata,Serravalle di Chienti,116,92,21977327.850000001,16874620.120000001,13719379.129999999,11,77,043052
Marche,Macerata,Tolentino,1400,979,1096351268.3800001,794738081.20000005,508964710.38,418,516,043053
Marche,Macerata,Treia,310,233,163239629.77999997,113814357.25,81736817.760000005,85,143,043054
Marche,Macerata,Urbisaglia,84,61,31224115.52,23268318.350000001,15358722.859999999,25,31,043055
Marche,Macerata,Ussita,366,234,482006461.07999998,301891060.5,159390707.06999999,153,56,043056
Marche,Macerata,Visso,397,296,336766386.97000003,228287570.34000003,137214204.94,139,147,043057
Marche,Macerata,Valfornace,434,280,224710978.36000001,161972657.31,93133788.939999998,128,140,043058
Marche,Ascoli Piceno,Acquasanta Terme,621,487,307191100.46999997,259651239.64999998,231547943.08000001,161,312,044001
Marche,Ascoli Piceno,Acquaviva Picena,18,11,13008586.610000001,10339100.189999999,4207768.57,6,5,044002
Marche,Ascoli Piceno,Appignano del Tronto,109,81,44309426.310000002,32382818.290000003,23526263.620000001,23,56,044005
Marche,Ascoli Piceno,Arquata del Tronto,444,334,370810173.14999998,274562108.38999999,157766615.50999999,155,153,044006
Marche,Ascoli Piceno,Ascoli Piceno,1151,854,761544270.70999992,592327109.43000007,394289333.44,297,508,044007
Marche,Ascoli Piceno,Carassai,26,22,8311268.7400000002,7411819.7199999997,5731295.25,5,16,044010
Marche,Ascoli Piceno,Castel di Lama,177,142,83090521.480000004,79690275.570000008,65902508.300000004,29,108,044011
Marche,Ascoli Piceno,Castignano,139,107,52233178.100000001,43904822.570000008,25647859.590000004,39,63,044012
Marche,Ascoli Piceno,Castorano,48,40,17186384.539999999,13712634.17,16735089.93,11,27,044013
Marche,Ascoli Piceno,Colli del Tronto,40,33,18137391.300000001,14147542.67,9217443.3200000003,4,26,044014
Marche,Ascoli Piceno,Comunanza,174,138,74722595.310000002,60673850.57,38591421.390000001,50,81,044015
Marche,Ascoli Piceno,Cossignano,83,55,26112171.780000001,19562850.75,11908884.57,16,38,044016
Marche,Ascoli Piceno,Cupra Marittima,4,2,6087162.8799999999,2299482.7600000002,785243.64999999991,1,1,044017
Marche,Ascoli Piceno,Folignano,113,88,51507668.759999998,38453263.309999995,27672735.899999999,16,68,044020
Marche,Ascoli Piceno,Force,162,124,76553007.710000008,64330097.489999995,41243593.410000004,44,72,044021
Marche,Ascoli Piceno,Grottammare,14,9,12153602.67,12174847.23,9782580.7400000002,3,6,044023
Marche,Ascoli Piceno,Maltignano,99,60,29719500.77,21908548.260000002,15573483.5,20,36,044027
Marche,Ascoli Piceno,Massignano,5,3,1094530.77,1267968.1499999999,541366.37,2,1,044029
Marche,Ascoli Piceno,Monsampolo del Tronto,31,17,38525625.780000001,9467062.75,6700522.3900000006,5,10,044031
Marche,Ascoli Piceno,Montalto delle Marche,94,81,56932617.539999999,41386183.840000004,25684116.300000001,30,49,044032
Marche,Ascoli Piceno,Montedinove,46,36,14439779.82,13586939.279999999,10888079.43,9,26,044034
Marche,Ascoli Piceno,Montefiore dell'Aso,15,11,13403792.34,7318695.1500000004,5952021.0899999999,1,8,044036
Marche,Ascoli Piceno,Montegallo,277,215,129945851.36999999,101876441.00999999,62787839.480000004,81,118,044038
Marche,Ascoli Piceno,Montemonaco,220,176,83860245.739999995,71925130.5,45590968.879999995,64,106,044044
Marche,Ascoli Piceno,Monteprandone,17,15,13108257.780000001,12546316.069999998,5530354.5299999993,8,6,044045
Marche,Ascoli Piceno,Offida,177,134,82399718.370000005,58150791.18,90972398.5,48,80,044054
Marche,Ascoli Piceno,Palmiano,25,23,9389370.9199999999,9114668.1500000004,6675230.3300000001,9,12,044056
Marche,Ascoli Piceno,Ripatransone,17,11,7594714.9400000004,6647606.6799999997,4967782.53,4,6,044063
Marche,Ascoli Piceno,Roccafluvione,151,119,60385307.219999999,43312073.630000003,34735947.75,33,79,044064
Marche,Ascoli Piceno,Rotella,88,71,36056453.499999993,33267706.209999997,27463439.250000004,15,55,044065
Marche,Ascoli Piceno,San Benedetto del Tronto,3,1,1557503.22,540672.24,1307518.3600000001,1,0,044066
Marche,Ascoli Piceno,Spinetoli,22,13,10740324.270000001,5203052.08,3013769.3,3,7,044071
Marche,Ascoli Piceno,Venarotta,124,97,45873801.5,36243872.609999999,28539427.539999999,25,67,044073
Umbria,Perugia,Assisi,18,11,10109334.43,8677451.3099999987,7182973.6999999993,1,9,054001
Umbria,Perugia,Bastia Umbra,7,6,1972159.32,1789823.9699999997,1748430.94,0,6,054002
Umbria,Perugia,Bettona,10,6,1569202.54,1232188,1121631.1100000001,1,5,054003
Umbria,Perugia,Bevagna,67,50,22437748.960000001,16579933.65,12437280.800000001,17,33,054004
Umbria,Perugia,Campello sul Clitunno,50,37,9924181.7400000002,9390169.6899999995,7807247.0499999998,6,29,054005
Umbria,Perugia,Cannara,25,23,8808495.6400000006,7225439.5599999996,5004680.12,8,14,054006
Umbria,Perugia,Cascia,482,407,182465972.26000002,143489853.67000002,94454231.020000011,78,315,054007
Umbria,Perugia,Castel Ritaldi,54,34,19873867.169999998,12310495.430000002,5693578.1699999999,12,19,054008
Umbria,Perugia,Cerreto di Spoleto,86,61,21252208.93,12631986.539999999,9566281.6399999987,11,46,054010
Umbria,Perugia,Città di Castello,3,2,3529437.75,3805437.92,0,0,0,054013
Umbria,Perugia,Collazzone,16,12,7023955.7699999996,4264951.88,3024083.8699999996,5,6,054014
Umbria,Perugia,Costacciaro,3,2,221323.5,123746.18,79631.14,0,1,054016
Umbria,Perugia,Deruta,16,12,8855517.0399999991,6969143.3799999999,6525897.4400000004,2,10,054017
Umbria,Perugia,Foligno,289,202,95547149.370000005,62458572.899999999,42067750.480000004,48,147,054018
Umbria,Perugia,Fossato di Vico,10,8,1278087.19,1072637.05,1000716.74,0,8,054019
Umbria,Perugia,Fratta Todina,9,8,3021904.91,2232296.44,1923206.19,1,7,054020
Umbria,Perugia,Giano dell'Umbria,27,16,21874713.629999999,8261340.5,4699092.7700000005,11,4,054021
Umbria,Perugia,Gualdo Cattaneo,79,44,23898705.25,14936374.34,7304313.8099999996,21,21,054022
Umbria,Perugia,Gualdo Tadino,50,26,11163806.699999999,5714128.5,5057599.01,1,25,054023
Umbria,Perugia,Gubbio,56,32,15639324.32,10218898.49,8779220.120000001,9,22,054024
Umbria,Perugia,Magione,1,0,1118124.4099999999,0,0,0,0,054026
Umbria,Perugia,Marsciano,69,47,28557165.269999996,20806109.73,14040782.450000001,19,27,054027
Umbria,Perugia,Massa Martana,25,18,9109894.4100000001,6026226.0700000003,3395715.0900000003,12,6,054028
Umbria,Perugia,Monte Castello di Vibio,7,6,1897857.5100000002,1385071.3,1234857.74,1,5,054029
Umbria,Perugia,Montefalco,118,74,40190826.269999996,27110469.719999999,16267241.469999999,35,32,054030
Umbria,Perugia,Monteleone di Spoleto,83,69,19118469.690000001,15140364.76,9069518.870000001,16,50,054031
Umbria,Perugia,Nocera Umbra,19,10,3744915.75,3274382.6799999997,2415647.04,3,7,054034
Umbria,Perugia,Norcia,1751,1279,871528769.04000008,618881585.86000001,376680207.00999999,372,872,054035
Umbria,Perugia,Panicale,1,1,205186.36,237368.37,153303.79,0,0,054037
Umbria,Perugia,Passignano sul Trasimeno,1,1,223457.73,217440.95,217440.95,0,1,054038
Umbria,Perugia,Perugia,22,13,8004493.3499999996,5996798.2399999993,4040362.6399999997,8,5,054039
Umbria,Perugia,Piegaro,3,3,1909582.6400000001,1558996.31,1008022.0399999999,2,1,054040
Umbria,Perugia,Poggiodomo,30,21,6411744.0300000003,3556651.79,2523309.21,4,16,054042
Umbria,Perugia,Preci,230,177,103694100.36999999,74307224.290000007,42409829.880000003,60,115,054043
Umbria,Perugia,Sant'Anatolia di Narco,58,28,5440903.3100000005,4532802.6199999992,3247037.41,4,21,054045
Umbria,Perugia,Scheggia e Pascelupo,19,6,2938549.6399999997,621272.24,494418.12,1,5,054046
Umbria,Perugia,Scheggino,22,14,2812004.1,2258711.3600000003,1863827.37,3,10,054047
Umbria,Perugia,Sellano,108,85,20099064.009999998,15728899.779999999,10305397.49,13,65,054048
Umbria,Perugia,Sigillo,3,1,677884.15,261936.36,190432.15,1,0,054049
Umbria,Perugia,Spello,67,56,12268578.050000001,10367725.550000001,7009295.3000000007,6,49,054050
Umbria,Perugia,Spoleto,997,710,381509593.21000004,265968637.77000004,182088098.68000001,227,457,054051
Umbria,Perugia,Todi,61,49,27477273.760000002,24614443.580000002,20036153.350000001,12,36,054052
Umbria,Perugia,Torgiano,4,3,608648.90999999992,352249.23,102552.09,2,1,054053
Umbria,Perugia,Trevi,50,36,10603698.120000001,6027571.6400000006,4335625.5199999996,10,25,054054
Umbria,Perugia,Umbertide,1,0,1017573.75,0,0,0,0,054056
Umbria,Perugia,Valfabbrica,9,5,737222.8,574537.31000000006,452575.66000000003,1,4,054057
Umbria,Perugia,Vallo di Nera,22,15,4548902.91,3736541.07,2302459.5100000002,3,10,054058
Umbria,Perugia,Valtopina,3,2,254525.12,129537.09,129537.09,0,2,054059
Umbria,Terni,Acquasparta,28,11,8279298.5,5611004.3399999999,4024158.9000000004,6,5,055001
Umbria,Terni,Alviano,1,1,30724.91,28144.83,28144.83,0,1,055003
Umbria,Terni,Amelia,19,15,11205708.309999999,10581004.59,8669436.3200000003,3,12,055004
Umbria,Terni,Arrone,36,26,7592371.3300000001,5838628.9499999993,4061883.8100000005,5,21,055005
Umbria,Terni,Baschi,4,2,658657.4,715373.91,163809.37,1,1,055007
Umbria,Terni,Calvi dell'Umbria,5,4,2126644.94,1306510.74,1198798.02,1,3,055008
Umbria,Terni,Castel Giorgio,1,0,0,0,0,0,0,055009
Umbria,Terni,Ferentillo,58,35,15242153.620000001,9900056.9000000004,5576219.8900000006,8,25,055012
Umbria,Terni,Giove,2,2,14019220.07,14424331.880000001,14424331.880000001,0,2,055014
Umbria,Terni,Guardea,3,1,1799912.16,751777.26,36407.57,1,0,055015
Umbria,Terni,Lugnano in Teverina,2,2,2989026.09,2984729.83,367373.6,2,0,055016
Umbria,Terni,Montecastrilli,32,19,13081493.450000001,7948530.9799999995,6286956.1899999995,8,10,055017
Umbria,Terni,Montecchio,2,2,864982.38,798256.18,303981.96999999997,1,1,055018
Umbria,Terni,Montefranco,16,14,952728.76,983560.65,751488.4,2,11,055019
Umbria,Terni,Narni,25,17,6960227.8200000003,5160441.96,4370898.43,2,13,055022
Umbria,Terni,Otricoli,7,4,3884650.74,2941712.23,2431651.1799999997,3,1,055024
Umbria,Terni,Polino,1,0,0,0,0,0,0,055027
Umbria,Terni,San Gemini,1,1,1326585.26,878275.24,687297.56,1,0,055029
Umbria,Terni,San Venanzo,7,5,1790450,1572732.1,1531467.2000000002,0,5,055030
Umbria,Terni,Stroncone,2,1,977062.40000000002,1375373.2,1375373.2,0,1,055031
Umbria,Terni,Terni,55,44,23298041.719999999,13646117.190000001,8385705.4199999999,18,25,055032
Umbria,Terni,Avigliano Umbro,21,14,4200923.0600000005,2959149.61,2807166.74,1,13,055033
Lazio,Viterbo,Orte,1,1,62503.77,58822.75,57515.94,0,1,056042
Lazio,Rieti,Accumoli,331,207,294717620.07999998,172015360.78999999,74320702.530000001,130,57,057001
Lazio,Rieti,Amatrice,1486,820,1262265939.3900001,655878614.61000001,366852631.59999996,410,347,057002
Lazio,Rieti,Antrodoco,169,122,68583246.75999999,42297250.93,25190287.370000001,28,87,057003
Lazio,Rieti,Belmonte in Sabina,3,1,149902.75,184175.91,184175.91,0,1,057005
Lazio,Rieti,Borbona,125,79,47176723.25,28512082.299999997,18439847.170000002,20,53,057006
Lazio,Rieti,Borgo Velino,37,23,9879032.6600000001,6255005.3700000001,3655146.83,4,18,057008
Lazio,Rieti,Cantalice,55,32,14107206.85,6599868.8199999994,4625906.05,13,20,057009
Lazio,Rieti,Cantalupo in Sabina,4,3,8420759.9299999997,4929365.13,3137189.03,3,0,057010
Lazio,Rieti,Casaprota,1,1,33137.120000000003,32115.65,30545.01,0,1,057011
Lazio,Rieti,Casperia,3,1,352729.25,69162.080000000002,69162.080000000002,0,1,057012
Lazio,Rieti,Castelnuovo di Farfa,3,2,527174.89999999991,378918.63,304577.57,1,1,057014
Lazio,Rieti,Castel Sant'Angelo,56,39,10900501.460000001,7455637.7399999993,4346971.5199999996,12,26,057015
Lazio,Rieti,Cittaducale,109,79,63527973.419999994,38747717.269999996,25972392.559999999,20,56,057016
Lazio,Rieti,Cittareale,195,137,83375148.239999995,46912912.530000009,23676845.049999997,56,71,057017
Lazio,Rieti,Collevecchio,16,5,7591461.2399999993,3507776.9,2250365.35,3,2,057021
Lazio,Rieti,Colli sul Velino,2,1,503789.49,503789.49,214812.76,1,0,057022
Lazio,Rieti,Concerviano,7,4,899032.42,641461.65999999992,559965.38,0,3,057023
Lazio,Rieti,Contigliano,9,8,4669120.1399999997,4132714.84,3558100.9499999997,2,6,057025
Lazio,Rieti,Cottanello,5,4,3223632.59,2606081.39,2315110.9700000002,1,3,057026
Lazio,Rieti,Fara in Sabina,1,0,102724.59,0,0,0,0,057027
Lazio,Rieti,Fiamignano,18,14,3297857.4299999997,2915355.74,1630716.9,1,11,057028
Lazio,Rieti,Forano,11,2,4952993.8000000007,376252.92,329620.40000000002,1,1,057029
Lazio,Rieti,Greccio,8,7,3886854.54,1922231.6,937265.13,3,4,057031
Lazio,Rieti,Leonessa,530,364,204028688.81,142560496.47,77122475.390000001,91,258,057033
Lazio,Rieti,Magliano Sabina,5,4,576850.06000000006,558896.31000000006,369140.32,0,4,057035
Lazio,Rieti,Marcetelli,12,11,829817.02,734138.12,458771.6,2,8,057036
Lazio,Rieti,Micigliano,17,13,4296072.58,2131803.94,654957.44999999995,6,4,057037
Lazio,Rieti,Mompeo,1,1,213888.01,141690.62,141690.62,0,1,057038
Lazio,Rieti,Montasola,1,1,656628.51,474503.96,375474.59,1,0,057039
Lazio,Rieti,Montebuono,3,1,1574722.77,98014.76,-9064.8099999999977,1,1,057040
Lazio,Rieti,Monteleone Sabino,1,0,40716.160000000003,0,0,0,0,057041
Lazio,Rieti,Monte San Giovanni in Sabina,5,4,2585406.19,1413813.03,414868.32999999996,1,3,057043
Lazio,Rieti,Montopoli in Sabina,2,0,0,0,0,0,0,057044
Lazio,Rieti,Morro Reatino,1,1,1697307.52,1258846.17,1101107.1299999999,0,1,057045
Lazio,Rieti,Nespolo,1,0,49635.78,0,0,0,0,057046
Lazio,Rieti,Pescorocchiano,7,4,461946.72,254140.89,254140.88,0,4,057049
Lazio,Rieti,Petrella Salto,8,6,4201220.3600000003,2006127.08,653720.87000000011,3,2,057050
Lazio,Rieti,Poggio Bustone,27,17,9000844.3099999987,3694914.6100000003,2941788.18,3,14,057051
Lazio,Rieti,Poggio Catino,1,1,170702.62,166801.32999999999,114783.6,1,0,057052
Lazio,Rieti,Poggio Mirteto,5,3,271410.09999999998,221270.29,137313.87,1,2,057053
Lazio,Rieti,Poggio Moiano,7,4,882018.84000000008,838733.81,495903.4,1,3,057054
Lazio,Rieti,Poggio Nativo,4,1,1724669.26,44956.76,44956.76,0,1,057055
Lazio,Rieti,Posta,160,101,38198529.619999997,20159736.400000002,10396438.810000001,22,73,057057
Lazio,Rieti,Rieti,327,209,239042096.92000002,137642574.81999999,72180414.830000013,76,124,057059
Lazio,Rieti,Rivodutri,17,9,2558157.75,1590956.0899999999,579513.33000000007,2,6,057060
Lazio,Rieti,Roccantica,3,2,379783.71,346422.26999999996,43424.979999999996,1,1,057061
Lazio,Rieti,Rocca Sinibalda,4,2,1878182.17,1373549.85,89579,1,1,057062
Lazio,Rieti,Salisano,3,3,956307,868941.59000000008,762857.12,0,3,057063
Lazio,Rieti,Selci,1,1,35717.58,32223.61,31498.78,0,1,057065
Lazio,Rieti,Tarano,9,8,2268925.92,2588442.65,2280915.29,1,7,057067
Lazio,Rieti,Torricella in Sabina,1,1,71105.77,34324.239999999998,34324.230000000003,0,1,057069
Lazio,Rieti,Torri in Sabina,5,3,3620964.58,2743898.43,1907581.6,1,2,057070
Lazio,Rieti,Vacone,2,2,1200315.58,850022.45,46574.57,2,0,057072
Lazio,Rieti,Varco Sabino,1,1,247716.58,247716.58,0,1,0,057073
Lazio,Roma,Filacciano,2,2,1318555.29,1236347.92,1103940.28,0,2,058037
Abruzzo,L'Aquila,Acciano,1,0,782545.93,0,0,0,0,066001
Abruzzo,L'Aquila,Anversa degli Abruzzi,16,1,2452959.44,61677.17,61211.02,0,1,066004
Abruzzo,L'Aquila,Barete,20,11,1717768.48,1247945.6000000001,943674.47,1,9,066008
Abruzzo,L'Aquila,Barisciano,2,0,527045.11,0,0,0,0,066009
Abruzzo,L'Aquila,Cagnano Amiterno,54,25,8343413.9000000004,6292014.9800000004,3863098.21,4,14,066013
Abruzzo,L'Aquila,Calascio,14,9,2036928.94,891628.89,651409.92000000004,2,6,066014
Abruzzo,L'Aquila,Campotosto,115,49,27842006.02,14220127.879999999,6996998.8300000001,17,28,066016
Abruzzo,L'Aquila,Cansano,4,2,134534.44,133931.53,95966.43,0,2,066018
Abruzzo,L'Aquila,Capestrano,8,3,6094417.3299999991,1664829.1300000001,690940.43,1,1,066019
Abruzzo,L'Aquila,Capitignano,237,148,36126503.299999997,24337537.68,14836703.1,32,107,066021
Abruzzo,L'Aquila,Castel del Monte,6,2,2699705.6399999997,251730.63,170488.51,1,1,066026
Abruzzo,L'Aquila,Castel di Ieri,1,1,58373.73,58057.22,66191.77,0,1,066027
Abruzzo,L'Aquila,Castelvecchio Calvisio,1,0,0,0,0,0,0,066030
Abruzzo,L'Aquila,Castelvecchio Subequo,4,1,535797.48,77330.820000000007,92971.08,0,1,066031
Abruzzo,L'Aquila,Civitella Roveto,1,1,146317.95000000001,145071.09,162969.98000000001,0,1,066036
Abruzzo,L'Aquila,Corfinio,11,6,685948.53999999992,442854.29,473431.29,0,6,066041
Abruzzo,L'Aquila,Fontecchio,2,1,791701.13,736260.69,324001.64,1,0,066043
Abruzzo,L'Aquila,Gagliano Aterno,6,4,813200.33000000007,415181.11,315084.62,0,4,066045
Abruzzo,L'Aquila,Goriano Sicoli,2,0,0,0,0,0,0,066047
Abruzzo,L'Aquila,Introdacqua,12,6,8518280.5500000007,2579217.98,2810162.63,1,5,066048
Abruzzo,L'Aquila,L'Aquila,42,16,22650830.219999995,12872510.93,8605838.3599999994,4,10,066049
Abruzzo,L'Aquila,Molina Aterno,6,4,1528116.8900000001,1476541.89,1245864.3600000001,2,2,066055
Abruzzo,L'Aquila,Montereale,458,263,69163189.5,50594247.329999998,33919776.600000001,56,189,066056
Abruzzo,L'Aquila,Navelli,5,3,590085.14999999991,531837.77,372969.45,1,2,066058
Abruzzo,L'Aquila,Ofena,3,3,690601.38,577858.55999999994,127843.52,1,2,066060
Abruzzo,L'Aquila,Pacentro,5,4,4461059.57,452114.19999999995,494388.39,0,4,066066
Abruzzo,L'Aquila,Pizzoli,66,29,12204426.810000001,7475132.5,4053881.43,5,24,066072
Abruzzo,L'Aquila,Pratola Peligna,28,7,2478973.3600000003,1553757.77,952638.63,4,1,066075
Abruzzo,L'Aquila,Raiano,9,4,4654336.2,2165971.5300000003,2150680.9899999998,1,3,066077
Abruzzo,L'Aquila,San Pio delle Camere,1,1,95835.86,95520.65,114170.69,0,1,066088
Abruzzo,L'Aquila,Santo Stefano di Sessanio,1,0,557851.65,0,0,0,0,066091
Abruzzo,L'Aquila,Scoppito,16,7,1955969.64,896632.88,404884.65,1,5,066095
Abruzzo,L'Aquila,Secinaro,1,0,0,0,0,0,0,066097
Abruzzo,L'Aquila,Sulmona,16,3,241475.59999999998,249044.12,66797.8,1,1,066098
Abruzzo,L'Aquila,Tione degli Abruzzi,2,0,0,0,0,0,0,066100
Abruzzo,L'Aquila,Tornimparte,2,1,73789.649999999994,66657.88,83599.37,0,1,066101
Abruzzo,L'Aquila,Villa Sant'Angelo,2,1,135504.63,134539.14000000001,152062.73000000001,0,1,066105
Abruzzo,Teramo,Ancarano,17,13,7087870.3499999996,4075348.6999999997,3219337.15,5,9,067002
Abruzzo,Teramo,Arsita,33,14,3813885.0600000005,2186250.12,2134367.77,2,12,067003
Abruzzo,Teramo,Atri,21,14,6441134.1799999997,4783318.41,2131623.11,5,7,067004
Abruzzo,Teramo,Basciano,87,60,16220649.84,14096031.48,9341084.9299999997,19,40,067005
Abruzzo,Teramo,Bellante,66,36,16045574.84,11102894.459999999,6908850.2599999998,14,17,067006
Abruzzo,Teramo,Bisenti,82,54,13914026.140000001,10763099.789999999,6092034.6799999997,13,38,067007
Abruzzo,Teramo,Campli,346,203,68185021.090000004,38427518.379999995,22172391.870000001,41,134,067008
Abruzzo,Teramo,Canzano,37,19,7931876.9299999997,5754672.4700000007,2749564.77,7,9,067009
Abruzzo,Teramo,Castel Castagna,93,54,11718445.23,8380209.5599999996,6523878.1500000004,9,40,067010
Abruzzo,Teramo,Castellalto,53,27,11986679.279999999,4802284.93,2667870.0499999998,4,18,067011
Abruzzo,Teramo,Castelli,107,71,21287285.640000001,14748562.860000001,11278778.469999999,12,56,067012
Abruzzo,Teramo,Castiglione Messer Raimondo,43,25,10076923.450000001,5096091.57,3035119.88,6,15,067013
Abruzzo,Teramo,Castilenti,21,9,3190994.9199999995,1389803.1099999999,1010454.05,0,8,067014
Abruzzo,Teramo,Cellino Attanasio,95,42,13146760.539999999,8532074.2100000009,6211773.4900000002,7,30,067015
Abruzzo,Teramo,Cermignano,80,26,11130765.16,5412652.2199999997,2697870.62,6,15,067016
Abruzzo,Teramo,Civitella del Tronto,323,180,110699162.43000001,64604479.640000001,26353412.580000002,53,92,067017
Abruzzo,Teramo,Colledara,190,127,15073648.25,12391857.420000002,9795329.1199999992,18,93,067018
Abruzzo,Teramo,Colonnella,19,7,4212504.07,2928385.05,1032760.8,6,1,067019
Abruzzo,Teramo,Controguerra,8,5,2600606.88,2433796.08,1560245.8499999999,2,2,067020
Abruzzo,Teramo,Corropoli,19,16,7440664.9400000004,6223453.1100000013,6019067.2300000004,4,12,067021
Abruzzo,Teramo,Cortino,122,58,27340449.740000002,8604334.2599999998,4549156.4800000004,18,36,067022
Abruzzo,Teramo,Crognaleto,279,105,22119312.420000002,10165672.199999999,6338092.4500000002,19,75,067023
Abruzzo,Teramo,Fano Adriano,18,10,3481829.4,1624420.87,902634.54,2,7,067024
Abruzzo,Teramo,Giulianova,6,2,10811931.08,7226629.4800000004,5096180.01,2,0,067025
Abruzzo,Teramo,Isola del Gran Sasso d'Italia,249,133,21072672.539999999,12135808.550000001,9165253.3599999994,12,91,067026
Abruzzo,Teramo,Montefino,42,17,7384661.0000000009,3221172.96,1769606.6800000002,5,9,067027
Abruzzo,Teramo,Montorio al Vomano,466,300,85400796.709999993,63951588.519999996,47072998.200000003,49,238,067028
Abruzzo,Teramo,Morro d'Oro,6,5,2142475.65,1882069.8,756745.8,1,1,067029
Abruzzo,Teramo,Mosciano Sant'Angelo,10,5,1334938.4500000002,1275166.6000000001,1307615.5900000001,0,4,067030
Abruzzo,Teramo,Nereto,8,5,7474605.8899999997,5478406.9799999995,643711.43999999994,3,2,067031
Abruzzo,Teramo,Notaresco,42,19,16236271.35,10064711.460000001,5539457.2199999997,8,10,067032
Abruzzo,Teramo,Penna Sant'Andrea,70,38,15958063.089999998,11082525.969999999,6471796.1599999992,13,23,067033
Abruzzo,Teramo,Pietracamela,9,6,5505999.3899999997,4114737.48,4858674.41,1,5,067034
Abruzzo,Teramo,Pineto,6,1,379131.44000000006,70657.14,73675.490000000005,0,1,067035
Abruzzo,Teramo,Rocca Santa Maria,94,49,12793686.050000001,7114113.3200000003,4762393.34,9,34,067036
Abruzzo,Teramo,Roseto degli Abruzzi,7,5,1937116.32,1109452.8399999999,1065892.77,1,4,067037
Abruzzo,Teramo,Sant'Egidio alla Vibrata,19,13,10159788.41,8135883.3200000003,5725424.7199999997,2,9,067038
Abruzzo,Teramo,Sant'Omero,11,4,7131022.1800000006,3979355.86,2098760.44,2,2,067039
Abruzzo,Teramo,Teramo,877,531,371485345.13,269662670.75,189936136.61000001,157,342,067041
Abruzzo,Teramo,Torano Nuovo,13,10,4506809.1100000003,3871820.4099999997,3295209.93,2,6,067042
Abruzzo,Teramo,Torricella Sicura,241,130,51637639,33144810.93,20050602.549999997,37,85,067043
Abruzzo,Teramo,Tortoreto,2,0,475230.44,0,0,0,0,067044
Abruzzo,Teramo,Tossicia,120,74,16196421.020000001,11277772.77,7568224.3900000006,16,56,067045
Abruzzo,Teramo,Valle Castellana,201,107,35352080.259999998,16554962.91,8755810.0899999999,23,72,067046
Abruzzo,Teramo,Martinsicuro,4,1,4303966.45,253474.33,249105.4,0,1,067047
Abruzzo,Pescara,Abbateggio,6,2,158913.91,152036.29,105440.02,0,2,068001
Abruzzo,Pescara,Alanno,24,11,3221376.61,2799051.5700000003,1185953.5299999998,4,6,068002
Abruzzo,Pescara,Bolognano,9,2,562614.62,306625.96999999997,182543.13,1,1,068003
Abruzzo,Pescara,Brittoli,1,1,105486.39,105486.39,130745.86,0,1,068004
Abruzzo,Pescara,Bussi sul Tirino,1,1,72783.44,71693.53,6636.23,1,0,068005
Abruzzo,Pescara,Caramanico Terme,14,2,1218749.6200000001,142280.51999999999,1908,0,0,068007
Abruzzo,Pescara,Carpineto della Nora,5,3,602023.66,528753.75,147944.31,2,1,068008
Abruzzo,Pescara,Castiglione a Casauria,15,10,1030923.2,894374.93,802307.47,0,10,068009
Abruzzo,Pescara,Catignano,32,9,7217262.5099999998,2822873.08,1751926.74,3,5,068010
Abruzzo,Pescara,Città Sant'Angelo,5,3,1018968.83,1010898.17,661603.4,2,1,068012
Abruzzo,Pescara,Civitaquana,20,7,1719153.19,848719.54,521179.43,2,5,068013
Abruzzo,Pescara,Civitella Casanova,25,10,2621052.09,1672125.72,1060063.42,4,4,068014
Abruzzo,Pescara,Collecorvino,4,4,507646.5,494412.29,362058.75,1,3,068015
Abruzzo,Pescara,Corvara,6,2,862581.09,377823.25,121311.87,0,1,068016
Abruzzo,Pescara,Cugnoli,18,2,160674.29,156867.56,156098.94,0,2,068017
Abruzzo,Pescara,Elice,29,10,5734824.54,4729504.78,1373531.59,2,6,068018
Abruzzo,Pescara,Farindola,84,44,15976539.310000001,9242863.5199999996,6686413.3799999999,11,31,068019
Abruzzo,Pescara,Lettomanoppello,8,1,363263.53,409521.82,241705.59,1,0,068020
Abruzzo,Pescara,Loreto Aprutino,5,2,296045.74,278612.81,299906.62,0,2,068021
Abruzzo,Pescara,Manoppello,18,3,1911539.98,1017807.96,100789.77,2,1,068022
Abruzzo,Pescara,Montebello di Bertona,13,3,965924.26,570319.93000000005,236567.32,1,1,068023
Abruzzo,Pescara,Montesilvano,4,3,544976.49,504672.16,439391.22,1,2,068024
Abruzzo,Pescara,Moscufo,4,2,5881826.5500000007,5644920.1699999999,5005.78,1,1,068025
Abruzzo,Pescara,Nocciano,6,4,1325907.47,1246091.3599999999,488194.35,3,0,068026
Abruzzo,Pescara,Penne,127,55,48689392.090000004,28855664.43,15344423.290000001,26,24,068027
Abruzzo,Pescara,Pescara,2,0,11,0,0,0,0,068028
Abruzzo,Pescara,Pescosansonesco,17,3,623942.75,207160.2,153307.35999999999,0,2,068029
Abruzzo,Pescara,Pianella,12,7,6580094.5,5250172.0999999996,1496627.6800000002,2,2,068030
Abruzzo,Pescara,Picciano,20,10,3143148.48,1673486.3,1082295.25,2,6,068031
Abruzzo,Pescara,Pietranico,6,3,361919.18,109961.21,216672.3,0,3,068032
Abruzzo,Pescara,Roccamorice,1,0,0,0,0,0,0,068034
Abruzzo,Pescara,Rosciano,6,3,622186.69999999995,596566.43999999994,186628.36,1,0,068035
Abruzzo,Pescara,Salle,1,1,296084.76,159145.88,0,0,0,068036
Abruzzo,Pescara,San Valentino in Abruzzo Citeriore,8,4,303934.48,301963.08,302198.75,0,4,068038
Abruzzo,Pescara,Serramonacesca,3,3,443039.53,437631.63,162298.73000000001,2,1,068040
Abruzzo,Pescara,Spoltore,2,2,1140193.8799999999,1140193.8700000001,549227.34,2,0,068041
Abruzzo,Pescara,Tocco da Casauria,3,3,3752808.05,3590507.4899999998,916336.77,1,2,068042
Abruzzo,Pescara,Torre de' Passeri,4,3,682582.21,547710.04,563557.65,0,3,068043
Abruzzo,Pescara,Vicoli,5,1,1515189.41,1000042.86,315784.08,1,0,068045
Abruzzo,Pescara,Villa Celiera,6,1,242840.73,156325.6,188517.31,0,1,068046
Abruzzo,Chieti,Chieti,2,0,0,0,0,0,0,069022
Marche,Fermo,Altidona,1,1,557477.51,272836.40999999997,208986.38,1,0,109001
Marche,Fermo,Amandola,394,259,188463526.5,128036344.86,83854884.61999999,95,148,109002
Marche,Fermo,Belmonte Piceno,31,21,9863898.1699999999,7722803.5,4799425.8899999997,7,13,109003
Marche,Fermo,Campofilone,5,3,384078.6,335695.54,335695.54,0,3,109004
Marche,Fermo,Falerone,170,127,59811221.25,45918819.990000002,29204574.699999999,32,88,109005
Marche,Fermo,Fermo,256,166,159014163.27000001,135514186.18000001,83365108.079999998,59,99,109006
Marche,Fermo,Francavilla d'Ete,14,12,7550833.4800000004,5544402,2818775.24,6,5,109007
Marche,Fermo,Grottazzolina,13,9,4266331.4000000004,2974559.26,2330739.71,1,8,109008
Marche,Fermo,Lapedona,3,2,272303.73,264705.03999999998,38159.57,1,1,109009
Marche,Fermo,Magliano di Tenna,17,15,6662755.7599999998,5772297.1500000004,4042504.85,6,7,109010
Marche,Fermo,Massa Fermana,21,18,7705597.1900000004,7198410.6100000003,4270258.57,9,9,109011
Marche,Fermo,Monsampietro Morico,33,24,20576669.449999999,16459199.52,7574975.2000000002,17,7,109012
Marche,Fermo,Montappone,51,44,21853085.340000004,19274906.23,13310424.859999999,20,23,109013
Marche,Fermo,Montefalcone Appennino,42,35,19528480.879999999,16104403.439999999,9794952.6099999994,15,18,109014
Marche,Fermo,Montefortino,217,172,99676448.819999993,73184722.25999999,53770400.349999994,49,114,109015
Marche,Fermo,Monte Giberto,15,8,5656501.1299999999,5366565.4799999995,2941698.2199999997,3,4,109016
Marche,Fermo,Montegiorgio,139,94,51386608.839999996,39803842.490000002,23988351.460000001,23,61,109017
Marche,Fermo,Montegranaro,32,23,15779739.92,11721262.950000001,6410720.7599999998,7,16,109018
Marche,Fermo,Monteleone di Fermo,23,15,9743768.4800000004,7596011.3999999994,6964698.7799999993,6,9,109019
Marche,Fermo,Montelparo,46,35,14249228.26,11828839.130000001,7798387.4900000002,13,20,109020
Marche,Fermo,Monte Rinaldo,27,20,8105949.2199999997,5451595.7600000007,3891380.01,6,14,109021
Marche,Fermo,Monterubbiano,7,6,2906227.31,2851324.34,1334227.44,3,2,109022
Marche,Fermo,Monte San Pietrangeli,23,16,7764864.8300000001,4486373.41,3115477.13,3,13,109023
Marche,Fermo,Monte Urano,13,10,2817500.92,2748083.29,1246328.6500000001,2,7,109024
Marche,Fermo,Monte Vidon Combatte,6,6,1868544.87,1917302.98,1676775.05,2,4,109025
Marche,Fermo,Monte Vidon Corrado,14,10,6807059.3899999997,5028805.9499999993,3755302.5100000002,4,6,109026
Marche,Fermo,Montottone,23,17,15768604.640000001,11340974.369999999,9004093.6099999994,5,10,109027
Marche,Fermo,Moresco,3,1,1524708.32,733020.45,515057.2,2,0,109028
Marche,Fermo,Ortezzano,25,21,6877820.0899999999,6770994.3800000008,3997028.7100000004,4,15,109029
Marche,Fermo,Pedaso,1,1,329185.75,357976.85,344252.26,0,1,109030
Marche,Fermo,Petritoli,13,12,11711641.940000001,9980238.0999999996,6890955.4100000001,5,7,109031
Marche,Fermo,Ponzano di Fermo,3,1,3229504.35,1588641.4,1127706.47,1,0,109032
Marche,Fermo,Porto San Giorgio,1,1,398230.8,442519.05,442519.05,0,1,109033
Marche,Fermo,Porto Sant'Elpidio,8,5,1325719.5,641391.64999999991,749599.5,0,5,109034
Marche,Fermo,Rapagnano,12,8,3893947.7800000003,2682780.4900000002,2702214.02,2,5,109035
Marche,Fermo,Santa Vittoria in Matenano,55,37,25327429.960000001,19142345.34,13241151.02,13,22,109036
Marche,Fermo,Sant'Elpidio a Mare,40,27,24396486.220000003,20694285.620000001,13078086.73,11,16,109037
Marche,Fermo,Servigliano,61,49,25661887.640000001,19980684.780000001,14620582.1,15,31,109038
Marche,Fermo,Smerillo,36,30,13434633.15,11093404.76,6069458.5999999996,12,16,109039
Marche,Fermo,Torre San Patrizio,14,10,5495576.3799999999,4768297.1500000004,2500601.13,4,6,109040
