Data,Valore,Note,Fonte,Data_Report
2020-07-01,252,*I dati si riferiscono agli eventi di sbarco rilevati entro le ore 8:00 del giorno di riferimento,Fonte: Dipartimento della Pubblica sicurezza. I dati sono suscettibili di successivo consolidamento.,2020-07-31
2020-07-02,112,*I dati si riferiscono agli eventi di sbarco rilevati entro le ore 8:00 del giorno di riferimento,Fonte: Dipartimento della Pubblica sicurezza. I dati sono suscettibili di successivo consolidamento.,2020-07-31
2020-07-03,0,*I dati si riferiscono agli eventi di sbarco rilevati entro le ore 8:00 del giorno di riferimento,Fonte: Dipartimento della Pubblica sicurezza. I dati sono suscettibili di successivo consolidamento.,2020-07-31
2020-07-04,0,*I dati si riferiscono agli eventi di sbarco rilevati entro le ore 8:00 del giorno di riferimento,Fonte: Dipartimento della Pubblica sicurezza. I dati sono suscettibili di successivo consolidamento.,2020-07-31
2020-07-05,54,*I dati si riferiscono agli eventi di sbarco rilevati entro le ore 8:00 del giorno di riferimento,Fonte: Dipartimento della Pubblica sicurezza. I dati sono suscettibili di successivo consolidamento.,2020-07-31
2020-07-06,180,*I dati si riferiscono agli eventi di sbarco rilevati entro le ore 8:00 del giorno di riferimento,Fonte: Dipartimento della Pubblica sicurezza. I dati sono suscettibili di successivo consolidamento.,2020-07-31
2020-07-07,6,*I dati si riferiscono agli eventi di sbarco rilevati entro le ore 8:00 del giorno di riferimento,Fonte: Dipartimento della Pubblica sicurezza. I dati sono suscettibili di successivo consolidamento.,2020-07-31
2020-07-08,0,*I dati si riferiscono agli eventi di sbarco rilevati entro le ore 8:00 del giorno di riferimento,Fonte: Dipartimento della Pubblica sicurezza. I dati sono suscettibili di successivo consolidamento.,2020-07-31
2020-07-09,138,*I dati si riferiscono agli eventi di sbarco rilevati entro le ore 8:00 del giorno di riferimento,Fonte: Dipartimento della Pubblica sicurezza. I dati sono suscettibili di successivo consolidamento.,2020-07-31
2020-07-10,698,*I dati si riferiscono agli eventi di sbarco rilevati entro le ore 8:00 del giorno di riferimento,Fonte: Dipartimento della Pubblica sicurezza. I dati sono suscettibili di successivo consolidamento.,2020-07-31
2020-07-11,360,*I dati si riferiscono agli eventi di sbarco rilevati entro le ore 8:00 del giorno di riferimento,Fonte: Dipartimento della Pubblica sicurezza. I dati sono suscettibili di successivo consolidamento.,2020-07-31
2020-07-12,198,*I dati si riferiscono agli eventi di sbarco rilevati entro le ore 8:00 del giorno di riferimento,Fonte: Dipartimento della Pubblica sicurezza. I dati sono suscettibili di successivo consolidamento.,2020-07-31
2020-07-13,351,*I dati si riferiscono agli eventi di sbarco rilevati entro le ore 8:00 del giorno di riferimento,Fonte: Dipartimento della Pubblica sicurezza. I dati sono suscettibili di successivo consolidamento.,2020-07-31
2020-07-14,337,*I dati si riferiscono agli eventi di sbarco rilevati entro le ore 8:00 del giorno di riferimento,Fonte: Dipartimento della Pubblica sicurezza. I dati sono suscettibili di successivo consolidamento.,2020-07-31
2020-07-15,128,*I dati si riferiscono agli eventi di sbarco rilevati entro le ore 8:00 del giorno di riferimento,Fonte: Dipartimento della Pubblica sicurezza. I dati sono suscettibili di successivo consolidamento.,2020-07-31
2020-07-16,0,*I dati si riferiscono agli eventi di sbarco rilevati entro le ore 8:00 del giorno di riferimento,Fonte: Dipartimento della Pubblica sicurezza. I dati sono suscettibili di successivo consolidamento.,2020-07-31
2020-07-17,9,*I dati si riferiscono agli eventi di sbarco rilevati entro le ore 8:00 del giorno di riferimento,Fonte: Dipartimento della Pubblica sicurezza. I dati sono suscettibili di successivo consolidamento.,2020-07-31
2020-07-18,0,*I dati si riferiscono agli eventi di sbarco rilevati entro le ore 8:00 del giorno di riferimento,Fonte: Dipartimento della Pubblica sicurezza. I dati sono suscettibili di successivo consolidamento.,2020-07-31
2020-07-19,0,*I dati si riferiscono agli eventi di sbarco rilevati entro le ore 8:00 del giorno di riferimento,Fonte: Dipartimento della Pubblica sicurezza. I dati sono suscettibili di successivo consolidamento.,2020-07-31
2020-07-20,83,*I dati si riferiscono agli eventi di sbarco rilevati entro le ore 8:00 del giorno di riferimento,Fonte: Dipartimento della Pubblica sicurezza. I dati sono suscettibili di successivo consolidamento.,2020-07-31
2020-07-21,385,*I dati si riferiscono agli eventi di sbarco rilevati entro le ore 8:00 del giorno di riferimento,Fonte: Dipartimento della Pubblica sicurezza. I dati sono suscettibili di successivo consolidamento.,2020-07-31
2020-07-22,697,*I dati si riferiscono agli eventi di sbarco rilevati entro le ore 8:00 del giorno di riferimento,Fonte: Dipartimento della Pubblica sicurezza. I dati sono suscettibili di successivo consolidamento.,2020-07-31
2020-07-23,336,*I dati si riferiscono agli eventi di sbarco rilevati entro le ore 8:00 del giorno di riferimento,Fonte: Dipartimento della Pubblica sicurezza. I dati sono suscettibili di successivo consolidamento.,2020-07-31
2020-07-24,416,*I dati si riferiscono agli eventi di sbarco rilevati entro le ore 8:00 del giorno di riferimento,Fonte: Dipartimento della Pubblica sicurezza. I dati sono suscettibili di successivo consolidamento.,2020-07-31
2020-07-25,279,*I dati si riferiscono agli eventi di sbarco rilevati entro le ore 8:00 del giorno di riferimento,Fonte: Dipartimento della Pubblica sicurezza. I dati sono suscettibili di successivo consolidamento.,2020-07-31
2020-07-26,117,*I dati si riferiscono agli eventi di sbarco rilevati entro le ore 8:00 del giorno di riferimento,Fonte: Dipartimento della Pubblica sicurezza. I dati sono suscettibili di successivo consolidamento.,2020-07-31
2020-07-27,402,*I dati si riferiscono agli eventi di sbarco rilevati entro le ore 8:00 del giorno di riferimento,Fonte: Dipartimento della Pubblica sicurezza. I dati sono suscettibili di successivo consolidamento.,2020-07-31
2020-07-28,519,*I dati si riferiscono agli eventi di sbarco rilevati entro le ore 8:00 del giorno di riferimento,Fonte: Dipartimento della Pubblica sicurezza. I dati sono suscettibili di successivo consolidamento.,2020-07-31
2020-07-29,337,*I dati si riferiscono agli eventi di sbarco rilevati entro le ore 8:00 del giorno di riferimento,Fonte: Dipartimento della Pubblica sicurezza. I dati sono suscettibili di successivo consolidamento.,2020-07-31
2020-07-30,284,*I dati si riferiscono agli eventi di sbarco rilevati entro le ore 8:00 del giorno di riferimento,Fonte: Dipartimento della Pubblica sicurezza. I dati sono suscettibili di successivo consolidamento.,2020-07-31
2020-07-31,92,*I dati si riferiscono agli eventi di sbarco rilevati entro le ore 8:00 del giorno di riferimento,Fonte: Dipartimento della Pubblica sicurezza. I dati sono suscettibili di successivo consolidamento.,2020-07-31
