Data,Valore,Note,Fonte,Data_Report
2020-10-01,62,*I dati si riferiscono agli eventi di sbarco rilevati entro le ore 8:00 del giorno di riferimento,Fonte: Dipartimento della Pubblica sicurezza. I dati sono suscettibili di successivo consolidamento.,2020-10-15
2020-10-02,314,*I dati si riferiscono agli eventi di sbarco rilevati entro le ore 8:00 del giorno di riferimento,Fonte: Dipartimento della Pubblica sicurezza. I dati sono suscettibili di successivo consolidamento.,2020-10-15
2020-10-03,78,*I dati si riferiscono agli eventi di sbarco rilevati entro le ore 8:00 del giorno di riferimento,Fonte: Dipartimento della Pubblica sicurezza. I dati sono suscettibili di successivo consolidamento.,2020-10-15
2020-10-04,152,*I dati si riferiscono agli eventi di sbarco rilevati entro le ore 8:00 del giorno di riferimento,Fonte: Dipartimento della Pubblica sicurezza. I dati sono suscettibili di successivo consolidamento.,2020-10-15
2020-10-05,58,*I dati si riferiscono agli eventi di sbarco rilevati entro le ore 8:00 del giorno di riferimento,Fonte: Dipartimento della Pubblica sicurezza. I dati sono suscettibili di successivo consolidamento.,2020-10-15
2020-10-06,110,*I dati si riferiscono agli eventi di sbarco rilevati entro le ore 8:00 del giorno di riferimento,Fonte: Dipartimento della Pubblica sicurezza. I dati sono suscettibili di successivo consolidamento.,2020-10-15
2020-10-07,0,*I dati si riferiscono agli eventi di sbarco rilevati entro le ore 8:00 del giorno di riferimento,Fonte: Dipartimento della Pubblica sicurezza. I dati sono suscettibili di successivo consolidamento.,2020-10-15
2020-10-08,4,*I dati si riferiscono agli eventi di sbarco rilevati entro le ore 8:00 del giorno di riferimento,Fonte: Dipartimento della Pubblica sicurezza. I dati sono suscettibili di successivo consolidamento.,2020-10-15
2020-10-09,88,*I dati si riferiscono agli eventi di sbarco rilevati entro le ore 8:00 del giorno di riferimento,Fonte: Dipartimento della Pubblica sicurezza. I dati sono suscettibili di successivo consolidamento.,2020-10-15
2020-10-10,604,*I dati si riferiscono agli eventi di sbarco rilevati entro le ore 8:00 del giorno di riferimento,Fonte: Dipartimento della Pubblica sicurezza. I dati sono suscettibili di successivo consolidamento.,2020-10-15
2020-10-11,314,*I dati si riferiscono agli eventi di sbarco rilevati entro le ore 8:00 del giorno di riferimento,Fonte: Dipartimento della Pubblica sicurezza. I dati sono suscettibili di successivo consolidamento.,2020-10-15
2020-10-12,72,*I dati si riferiscono agli eventi di sbarco rilevati entro le ore 8:00 del giorno di riferimento,Fonte: Dipartimento della Pubblica sicurezza. I dati sono suscettibili di successivo consolidamento.,2020-10-15
2020-10-13,93,*I dati si riferiscono agli eventi di sbarco rilevati entro le ore 8:00 del giorno di riferimento,Fonte: Dipartimento della Pubblica sicurezza. I dati sono suscettibili di successivo consolidamento.,2020-10-15
2020-10-14,0,*I dati si riferiscono agli eventi di sbarco rilevati entro le ore 8:00 del giorno di riferimento,Fonte: Dipartimento della Pubblica sicurezza. I dati sono suscettibili di successivo consolidamento.,2020-10-15
2020-10-15,0,*I dati si riferiscono agli eventi di sbarco rilevati entro le ore 8:00 del giorno di riferimento,Fonte: Dipartimento della Pubblica sicurezza. I dati sono suscettibili di successivo consolidamento.,2020-10-15
2020-10-16,780,*I dati si riferiscono agli eventi di sbarco rilevati entro le ore 8:00 del giorno di riferimento,Fonte: Dipartimento della Pubblica sicurezza. I dati sono suscettibili di successivo consolidamento.,2020-10-15
2020-10-17,0,*I dati si riferiscono agli eventi di sbarco rilevati entro le ore 8:00 del giorno di riferimento,Fonte: Dipartimento della Pubblica sicurezza. I dati sono suscettibili di successivo consolidamento.,2020-10-15
2020-10-18,0,*I dati si riferiscono agli eventi di sbarco rilevati entro le ore 8:00 del giorno di riferimento,Fonte: Dipartimento della Pubblica sicurezza. I dati sono suscettibili di successivo consolidamento.,2020-10-15
2020-10-19,0,*I dati si riferiscono agli eventi di sbarco rilevati entro le ore 8:00 del giorno di riferimento,Fonte: Dipartimento della Pubblica sicurezza. I dati sono suscettibili di successivo consolidamento.,2020-10-15
2020-10-20,0,*I dati si riferiscono agli eventi di sbarco rilevati entro le ore 8:00 del giorno di riferimento,Fonte: Dipartimento della Pubblica sicurezza. I dati sono suscettibili di successivo consolidamento.,2020-10-15
2020-10-21,0,*I dati si riferiscono agli eventi di sbarco rilevati entro le ore 8:00 del giorno di riferimento,Fonte: Dipartimento della Pubblica sicurezza. I dati sono suscettibili di successivo consolidamento.,2020-10-15
2020-10-22,0,*I dati si riferiscono agli eventi di sbarco rilevati entro le ore 8:00 del giorno di riferimento,Fonte: Dipartimento della Pubblica sicurezza. I dati sono suscettibili di successivo consolidamento.,2020-10-15
2020-10-23,0,*I dati si riferiscono agli eventi di sbarco rilevati entro le ore 8:00 del giorno di riferimento,Fonte: Dipartimento della Pubblica sicurezza. I dati sono suscettibili di successivo consolidamento.,2020-10-15
2020-10-24,0,*I dati si riferiscono agli eventi di sbarco rilevati entro le ore 8:00 del giorno di riferimento,Fonte: Dipartimento della Pubblica sicurezza. I dati sono suscettibili di successivo consolidamento.,2020-10-15
2020-10-25,0,*I dati si riferiscono agli eventi di sbarco rilevati entro le ore 8:00 del giorno di riferimento,Fonte: Dipartimento della Pubblica sicurezza. I dati sono suscettibili di successivo consolidamento.,2020-10-15
2020-10-26,0,*I dati si riferiscono agli eventi di sbarco rilevati entro le ore 8:00 del giorno di riferimento,Fonte: Dipartimento della Pubblica sicurezza. I dati sono suscettibili di successivo consolidamento.,2020-10-15
2020-10-27,0,*I dati si riferiscono agli eventi di sbarco rilevati entro le ore 8:00 del giorno di riferimento,Fonte: Dipartimento della Pubblica sicurezza. I dati sono suscettibili di successivo consolidamento.,2020-10-15
2020-10-28,0,*I dati si riferiscono agli eventi di sbarco rilevati entro le ore 8:00 del giorno di riferimento,Fonte: Dipartimento della Pubblica sicurezza. I dati sono suscettibili di successivo consolidamento.,2020-10-15
2020-10-29,0,*I dati si riferiscono agli eventi di sbarco rilevati entro le ore 8:00 del giorno di riferimento,Fonte: Dipartimento della Pubblica sicurezza. I dati sono suscettibili di successivo consolidamento.,2020-10-15
2020-10-30,0,*I dati si riferiscono agli eventi di sbarco rilevati entro le ore 8:00 del giorno di riferimento,Fonte: Dipartimento della Pubblica sicurezza. I dati sono suscettibili di successivo consolidamento.,2020-10-15
2020-10-31,0,*I dati si riferiscono agli eventi di sbarco rilevati entro le ore 8:00 del giorno di riferimento,Fonte: Dipartimento della Pubblica sicurezza. I dati sono suscettibili di successivo consolidamento.,2020-10-15
