"Data","Valore","Note","Fonte","Data_Report"
2020-05-01,"0","*I dati si riferiscono agli eventi di sbarco rilevati entro le ore 8:00 del giorno di riferimento","Fonte: Dipartimento della Pubblica sicurezza. I dati sono suscettibili di successivo consolidamento.",2020-05-15
2020-05-02,"78","*I dati si riferiscono agli eventi di sbarco rilevati entro le ore 8:00 del giorno di riferimento","Fonte: Dipartimento della Pubblica sicurezza. I dati sono suscettibili di successivo consolidamento.",2020-05-15
2020-05-03,"44","*I dati si riferiscono agli eventi di sbarco rilevati entro le ore 8:00 del giorno di riferimento","Fonte: Dipartimento della Pubblica sicurezza. I dati sono suscettibili di successivo consolidamento.",2020-05-15
2020-05-04,"316","*I dati si riferiscono agli eventi di sbarco rilevati entro le ore 8:00 del giorno di riferimento","Fonte: Dipartimento della Pubblica sicurezza. I dati sono suscettibili di successivo consolidamento.",2020-05-15
2020-05-05,"10","*I dati si riferiscono agli eventi di sbarco rilevati entro le ore 8:00 del giorno di riferimento","Fonte: Dipartimento della Pubblica sicurezza. I dati sono suscettibili di successivo consolidamento.",2020-05-15
2020-05-06,"192","*I dati si riferiscono agli eventi di sbarco rilevati entro le ore 8:00 del giorno di riferimento","Fonte: Dipartimento della Pubblica sicurezza. I dati sono suscettibili di successivo consolidamento.",2020-05-15
2020-05-07,"0","*I dati si riferiscono agli eventi di sbarco rilevati entro le ore 8:00 del giorno di riferimento","Fonte: Dipartimento della Pubblica sicurezza. I dati sono suscettibili di successivo consolidamento.",2020-05-15
2020-05-08,"0","*I dati si riferiscono agli eventi di sbarco rilevati entro le ore 8:00 del giorno di riferimento","Fonte: Dipartimento della Pubblica sicurezza. I dati sono suscettibili di successivo consolidamento.",2020-05-15
2020-05-09,"79","*I dati si riferiscono agli eventi di sbarco rilevati entro le ore 8:00 del giorno di riferimento","Fonte: Dipartimento della Pubblica sicurezza. I dati sono suscettibili di successivo consolidamento.",2020-05-15
2020-05-10,"0","*I dati si riferiscono agli eventi di sbarco rilevati entro le ore 8:00 del giorno di riferimento","Fonte: Dipartimento della Pubblica sicurezza. I dati sono suscettibili di successivo consolidamento.",2020-05-15
2020-05-11,"0","*I dati si riferiscono agli eventi di sbarco rilevati entro le ore 8:00 del giorno di riferimento","Fonte: Dipartimento della Pubblica sicurezza. I dati sono suscettibili di successivo consolidamento.",2020-05-15
2020-05-12,"10","*I dati si riferiscono agli eventi di sbarco rilevati entro le ore 8:00 del giorno di riferimento","Fonte: Dipartimento della Pubblica sicurezza. I dati sono suscettibili di successivo consolidamento.",2020-05-15
2020-05-13,"43","*I dati si riferiscono agli eventi di sbarco rilevati entro le ore 8:00 del giorno di riferimento","Fonte: Dipartimento della Pubblica sicurezza. I dati sono suscettibili di successivo consolidamento.",2020-05-15
2020-05-14,"78","*I dati si riferiscono agli eventi di sbarco rilevati entro le ore 8:00 del giorno di riferimento","Fonte: Dipartimento della Pubblica sicurezza. I dati sono suscettibili di successivo consolidamento.",2020-05-15
2020-05-15,"0","*I dati si riferiscono agli eventi di sbarco rilevati entro le ore 8:00 del giorno di riferimento","Fonte: Dipartimento della Pubblica sicurezza. I dati sono suscettibili di successivo consolidamento.",2020-05-15
2020-05-16,"0","*I dati si riferiscono agli eventi di sbarco rilevati entro le ore 8:00 del giorno di riferimento","Fonte: Dipartimento della Pubblica sicurezza. I dati sono suscettibili di successivo consolidamento.",2020-05-15
2020-05-17,"0","*I dati si riferiscono agli eventi di sbarco rilevati entro le ore 8:00 del giorno di riferimento","Fonte: Dipartimento della Pubblica sicurezza. I dati sono suscettibili di successivo consolidamento.",2020-05-15
2020-05-18,"0","*I dati si riferiscono agli eventi di sbarco rilevati entro le ore 8:00 del giorno di riferimento","Fonte: Dipartimento della Pubblica sicurezza. I dati sono suscettibili di successivo consolidamento.",2020-05-15
2020-05-19,"0","*I dati si riferiscono agli eventi di sbarco rilevati entro le ore 8:00 del giorno di riferimento","Fonte: Dipartimento della Pubblica sicurezza. I dati sono suscettibili di successivo consolidamento.",2020-05-15
2020-05-20,"0","*I dati si riferiscono agli eventi di sbarco rilevati entro le ore 8:00 del giorno di riferimento","Fonte: Dipartimento della Pubblica sicurezza. I dati sono suscettibili di successivo consolidamento.",2020-05-15
2020-05-21,"0","*I dati si riferiscono agli eventi di sbarco rilevati entro le ore 8:00 del giorno di riferimento","Fonte: Dipartimento della Pubblica sicurezza. I dati sono suscettibili di successivo consolidamento.",2020-05-15
2020-05-22,"0","*I dati si riferiscono agli eventi di sbarco rilevati entro le ore 8:00 del giorno di riferimento","Fonte: Dipartimento della Pubblica sicurezza. I dati sono suscettibili di successivo consolidamento.",2020-05-15
2020-05-24,"0","*I dati si riferiscono agli eventi di sbarco rilevati entro le ore 8:00 del giorno di riferimento","Fonte: Dipartimento della Pubblica sicurezza. I dati sono suscettibili di successivo consolidamento.",2020-05-15
2020-05-25,"0","*I dati si riferiscono agli eventi di sbarco rilevati entro le ore 8:00 del giorno di riferimento","Fonte: Dipartimento della Pubblica sicurezza. I dati sono suscettibili di successivo consolidamento.",2020-05-15
2020-05-26,"0","*I dati si riferiscono agli eventi di sbarco rilevati entro le ore 8:00 del giorno di riferimento","Fonte: Dipartimento della Pubblica sicurezza. I dati sono suscettibili di successivo consolidamento.",2020-05-15
2020-05-27,"0","*I dati si riferiscono agli eventi di sbarco rilevati entro le ore 8:00 del giorno di riferimento","Fonte: Dipartimento della Pubblica sicurezza. I dati sono suscettibili di successivo consolidamento.",2020-05-15
2020-05-28,"0","*I dati si riferiscono agli eventi di sbarco rilevati entro le ore 8:00 del giorno di riferimento","Fonte: Dipartimento della Pubblica sicurezza. I dati sono suscettibili di successivo consolidamento.",2020-05-15
2020-05-29,"0","*I dati si riferiscono agli eventi di sbarco rilevati entro le ore 8:00 del giorno di riferimento","Fonte: Dipartimento della Pubblica sicurezza. I dati sono suscettibili di successivo consolidamento.",2020-05-15
2020-05-30,"0","*I dati si riferiscono agli eventi di sbarco rilevati entro le ore 8:00 del giorno di riferimento","Fonte: Dipartimento della Pubblica sicurezza. I dati sono suscettibili di successivo consolidamento.",2020-05-15
2020-05-31,"0","*I dati si riferiscono agli eventi di sbarco rilevati entro le ore 8:00 del giorno di riferimento","Fonte: Dipartimento della Pubblica sicurezza. I dati sono suscettibili di successivo consolidamento.",2020-05-15
