Data,Valore,Note,Fonte,Data_Report
2021-10-01,211,*I dati si riferiscono agli eventi di sbarco rilevati entro le ore 8:00 del giorno di riferimento,Fonte: Dipartimento della Pubblica sicurezza. I dati sono suscettibili di successivo consolidamento.,2021-10-31
2021-10-02,480,*I dati si riferiscono agli eventi di sbarco rilevati entro le ore 8:00 del giorno di riferimento,Fonte: Dipartimento della Pubblica sicurezza. I dati sono suscettibili di successivo consolidamento.,2021-10-31
2021-10-03,706,*I dati si riferiscono agli eventi di sbarco rilevati entro le ore 8:00 del giorno di riferimento,Fonte: Dipartimento della Pubblica sicurezza. I dati sono suscettibili di successivo consolidamento.,2021-10-31
2021-10-04,136,*I dati si riferiscono agli eventi di sbarco rilevati entro le ore 8:00 del giorno di riferimento,Fonte: Dipartimento della Pubblica sicurezza. I dati sono suscettibili di successivo consolidamento.,2021-10-31
2021-10-05,0,*I dati si riferiscono agli eventi di sbarco rilevati entro le ore 8:00 del giorno di riferimento,Fonte: Dipartimento della Pubblica sicurezza. I dati sono suscettibili di successivo consolidamento.,2021-10-31
2021-10-06,97,*I dati si riferiscono agli eventi di sbarco rilevati entro le ore 8:00 del giorno di riferimento,Fonte: Dipartimento della Pubblica sicurezza. I dati sono suscettibili di successivo consolidamento.,2021-10-31
2021-10-07,0,*I dati si riferiscono agli eventi di sbarco rilevati entro le ore 8:00 del giorno di riferimento,Fonte: Dipartimento della Pubblica sicurezza. I dati sono suscettibili di successivo consolidamento.,2021-10-31
2021-10-08,202,*I dati si riferiscono agli eventi di sbarco rilevati entro le ore 8:00 del giorno di riferimento,Fonte: Dipartimento della Pubblica sicurezza. I dati sono suscettibili di successivo consolidamento.,2021-10-31
2021-10-09,0,*I dati si riferiscono agli eventi di sbarco rilevati entro le ore 8:00 del giorno di riferimento,Fonte: Dipartimento della Pubblica sicurezza. I dati sono suscettibili di successivo consolidamento.,2021-10-31
2021-10-10,97,*I dati si riferiscono agli eventi di sbarco rilevati entro le ore 8:00 del giorno di riferimento,Fonte: Dipartimento della Pubblica sicurezza. I dati sono suscettibili di successivo consolidamento.,2021-10-31
2021-10-11,274,*I dati si riferiscono agli eventi di sbarco rilevati entro le ore 8:00 del giorno di riferimento,Fonte: Dipartimento della Pubblica sicurezza. I dati sono suscettibili di successivo consolidamento.,2021-10-31
2021-10-12,119,*I dati si riferiscono agli eventi di sbarco rilevati entro le ore 8:00 del giorno di riferimento,Fonte: Dipartimento della Pubblica sicurezza. I dati sono suscettibili di successivo consolidamento.,2021-10-31
2021-10-13,500,*I dati si riferiscono agli eventi di sbarco rilevati entro le ore 8:00 del giorno di riferimento,Fonte: Dipartimento della Pubblica sicurezza. I dati sono suscettibili di successivo consolidamento.,2021-10-31
2021-10-14,84,*I dati si riferiscono agli eventi di sbarco rilevati entro le ore 8:00 del giorno di riferimento,Fonte: Dipartimento della Pubblica sicurezza. I dati sono suscettibili di successivo consolidamento.,2021-10-31
2021-10-15,58,*I dati si riferiscono agli eventi di sbarco rilevati entro le ore 8:00 del giorno di riferimento,Fonte: Dipartimento della Pubblica sicurezza. I dati sono suscettibili di successivo consolidamento.,2021-10-31
2021-10-16,13,*I dati si riferiscono agli eventi di sbarco rilevati entro le ore 8:00 del giorno di riferimento,Fonte: Dipartimento della Pubblica sicurezza. I dati sono suscettibili di successivo consolidamento.,2021-10-31
2021-10-17,456,*I dati si riferiscono agli eventi di sbarco rilevati entro le ore 8:00 del giorno di riferimento,Fonte: Dipartimento della Pubblica sicurezza. I dati sono suscettibili di successivo consolidamento.,2021-10-31
2021-10-18,357,*I dati si riferiscono agli eventi di sbarco rilevati entro le ore 8:00 del giorno di riferimento,Fonte: Dipartimento della Pubblica sicurezza. I dati sono suscettibili di successivo consolidamento.,2021-10-31
2021-10-19,559,*I dati si riferiscono agli eventi di sbarco rilevati entro le ore 8:00 del giorno di riferimento,Fonte: Dipartimento della Pubblica sicurezza. I dati sono suscettibili di successivo consolidamento.,2021-10-31
2021-10-20,214,*I dati si riferiscono agli eventi di sbarco rilevati entro le ore 8:00 del giorno di riferimento,Fonte: Dipartimento della Pubblica sicurezza. I dati sono suscettibili di successivo consolidamento.,2021-10-31
2021-10-21,631,*I dati si riferiscono agli eventi di sbarco rilevati entro le ore 8:00 del giorno di riferimento,Fonte: Dipartimento della Pubblica sicurezza. I dati sono suscettibili di successivo consolidamento.,2021-10-31
2021-10-22,58,*I dati si riferiscono agli eventi di sbarco rilevati entro le ore 8:00 del giorno di riferimento,Fonte: Dipartimento della Pubblica sicurezza. I dati sono suscettibili di successivo consolidamento.,2021-10-31
2021-10-23,903,*I dati si riferiscono agli eventi di sbarco rilevati entro le ore 8:00 del giorno di riferimento,Fonte: Dipartimento della Pubblica sicurezza. I dati sono suscettibili di successivo consolidamento.,2021-10-31
2021-10-24,194,*I dati si riferiscono agli eventi di sbarco rilevati entro le ore 8:00 del giorno di riferimento,Fonte: Dipartimento della Pubblica sicurezza. I dati sono suscettibili di successivo consolidamento.,2021-10-31
2021-10-25,105,*I dati si riferiscono agli eventi di sbarco rilevati entro le ore 8:00 del giorno di riferimento,Fonte: Dipartimento della Pubblica sicurezza. I dati sono suscettibili di successivo consolidamento.,2021-10-31
2021-10-26,50,*I dati si riferiscono agli eventi di sbarco rilevati entro le ore 8:00 del giorno di riferimento,Fonte: Dipartimento della Pubblica sicurezza. I dati sono suscettibili di successivo consolidamento.,2021-10-31
2021-10-27,367,*I dati si riferiscono agli eventi di sbarco rilevati entro le ore 8:00 del giorno di riferimento,Fonte: Dipartimento della Pubblica sicurezza. I dati sono suscettibili di successivo consolidamento.,2021-10-31
2021-10-28,0,*I dati si riferiscono agli eventi di sbarco rilevati entro le ore 8:00 del giorno di riferimento,Fonte: Dipartimento della Pubblica sicurezza. I dati sono suscettibili di successivo consolidamento.,2021-10-31
2021-10-29,0,*I dati si riferiscono agli eventi di sbarco rilevati entro le ore 8:00 del giorno di riferimento,Fonte: Dipartimento della Pubblica sicurezza. I dati sono suscettibili di successivo consolidamento.,2021-10-31
2021-10-30,59,*I dati si riferiscono agli eventi di sbarco rilevati entro le ore 8:00 del giorno di riferimento,Fonte: Dipartimento della Pubblica sicurezza. I dati sono suscettibili di successivo consolidamento.,2021-10-31
2021-10-31,16,*I dati si riferiscono agli eventi di sbarco rilevati entro le ore 8:00 del giorno di riferimento,Fonte: Dipartimento della Pubblica sicurezza. I dati sono suscettibili di successivo consolidamento.,2021-10-31
