"Data","Valore","Note","Fonte","Data_Report"
2021-08-01,"224","*I dati si riferiscono agli eventi di sbarco rilevati entro le ore 8:00 del giorno di riferimento","Fonte: Dipartimento della Pubblica sicurezza. I dati sono suscettibili di successivo consolidamento.",2021-08-15
2021-08-02,"562","*I dati si riferiscono agli eventi di sbarco rilevati entro le ore 8:00 del giorno di riferimento","Fonte: Dipartimento della Pubblica sicurezza. I dati sono suscettibili di successivo consolidamento.",2021-08-15
2021-08-03,"198","*I dati si riferiscono agli eventi di sbarco rilevati entro le ore 8:00 del giorno di riferimento","Fonte: Dipartimento della Pubblica sicurezza. I dati sono suscettibili di successivo consolidamento.",2021-08-15
2021-08-04,"207","*I dati si riferiscono agli eventi di sbarco rilevati entro le ore 8:00 del giorno di riferimento","Fonte: Dipartimento della Pubblica sicurezza. I dati sono suscettibili di successivo consolidamento.",2021-08-15
2021-08-05,"70","*I dati si riferiscono agli eventi di sbarco rilevati entro le ore 8:00 del giorno di riferimento","Fonte: Dipartimento della Pubblica sicurezza. I dati sono suscettibili di successivo consolidamento.",2021-08-15
2021-08-06,"293","*I dati si riferiscono agli eventi di sbarco rilevati entro le ore 8:00 del giorno di riferimento","Fonte: Dipartimento della Pubblica sicurezza. I dati sono suscettibili di successivo consolidamento.",2021-08-15
2021-08-07,"523","*I dati si riferiscono agli eventi di sbarco rilevati entro le ore 8:00 del giorno di riferimento","Fonte: Dipartimento della Pubblica sicurezza. I dati sono suscettibili di successivo consolidamento.",2021-08-15
2021-08-08,"562","*I dati si riferiscono agli eventi di sbarco rilevati entro le ore 8:00 del giorno di riferimento","Fonte: Dipartimento della Pubblica sicurezza. I dati sono suscettibili di successivo consolidamento.",2021-08-15
2021-08-09,"76","*I dati si riferiscono agli eventi di sbarco rilevati entro le ore 8:00 del giorno di riferimento","Fonte: Dipartimento della Pubblica sicurezza. I dati sono suscettibili di successivo consolidamento.",2021-08-15
2021-08-10,"147","*I dati si riferiscono agli eventi di sbarco rilevati entro le ore 8:00 del giorno di riferimento","Fonte: Dipartimento della Pubblica sicurezza. I dati sono suscettibili di successivo consolidamento.",2021-08-15
2021-08-11,"529","*I dati si riferiscono agli eventi di sbarco rilevati entro le ore 8:00 del giorno di riferimento","Fonte: Dipartimento della Pubblica sicurezza. I dati sono suscettibili di successivo consolidamento.",2021-08-15
2021-08-12,"248","*I dati si riferiscono agli eventi di sbarco rilevati entro le ore 8:00 del giorno di riferimento","Fonte: Dipartimento della Pubblica sicurezza. I dati sono suscettibili di successivo consolidamento.",2021-08-15
2021-08-13,"562","*I dati si riferiscono agli eventi di sbarco rilevati entro le ore 8:00 del giorno di riferimento","Fonte: Dipartimento della Pubblica sicurezza. I dati sono suscettibili di successivo consolidamento.",2021-08-15
2021-08-14,"759","*I dati si riferiscono agli eventi di sbarco rilevati entro le ore 8:00 del giorno di riferimento","Fonte: Dipartimento della Pubblica sicurezza. I dati sono suscettibili di successivo consolidamento.",2021-08-15
2021-08-15,"96","*I dati si riferiscono agli eventi di sbarco rilevati entro le ore 8:00 del giorno di riferimento","Fonte: Dipartimento della Pubblica sicurezza. I dati sono suscettibili di successivo consolidamento.",2021-08-15
2021-08-16,"0","*I dati si riferiscono agli eventi di sbarco rilevati entro le ore 8:00 del giorno di riferimento","Fonte: Dipartimento della Pubblica sicurezza. I dati sono suscettibili di successivo consolidamento.",2021-08-15
2021-08-17,"0","*I dati si riferiscono agli eventi di sbarco rilevati entro le ore 8:00 del giorno di riferimento","Fonte: Dipartimento della Pubblica sicurezza. I dati sono suscettibili di successivo consolidamento.",2021-08-15
2021-08-18,"0","*I dati si riferiscono agli eventi di sbarco rilevati entro le ore 8:00 del giorno di riferimento","Fonte: Dipartimento della Pubblica sicurezza. I dati sono suscettibili di successivo consolidamento.",2021-08-15
2021-08-19,"0","*I dati si riferiscono agli eventi di sbarco rilevati entro le ore 8:00 del giorno di riferimento","Fonte: Dipartimento della Pubblica sicurezza. I dati sono suscettibili di successivo consolidamento.",2021-08-15
2021-08-20,"0","*I dati si riferiscono agli eventi di sbarco rilevati entro le ore 8:00 del giorno di riferimento","Fonte: Dipartimento della Pubblica sicurezza. I dati sono suscettibili di successivo consolidamento.",2021-08-15
2021-08-21,"0","*I dati si riferiscono agli eventi di sbarco rilevati entro le ore 8:00 del giorno di riferimento","Fonte: Dipartimento della Pubblica sicurezza. I dati sono suscettibili di successivo consolidamento.",2021-08-15
2021-08-22,"0","*I dati si riferiscono agli eventi di sbarco rilevati entro le ore 8:00 del giorno di riferimento","Fonte: Dipartimento della Pubblica sicurezza. I dati sono suscettibili di successivo consolidamento.",2021-08-15
2021-08-23,"0","*I dati si riferiscono agli eventi di sbarco rilevati entro le ore 8:00 del giorno di riferimento","Fonte: Dipartimento della Pubblica sicurezza. I dati sono suscettibili di successivo consolidamento.",2021-08-15
2021-08-24,"0","*I dati si riferiscono agli eventi di sbarco rilevati entro le ore 8:00 del giorno di riferimento","Fonte: Dipartimento della Pubblica sicurezza. I dati sono suscettibili di successivo consolidamento.",2021-08-15
2021-08-25,"0","*I dati si riferiscono agli eventi di sbarco rilevati entro le ore 8:00 del giorno di riferimento","Fonte: Dipartimento della Pubblica sicurezza. I dati sono suscettibili di successivo consolidamento.",2021-08-15
2021-08-26,"0","*I dati si riferiscono agli eventi di sbarco rilevati entro le ore 8:00 del giorno di riferimento","Fonte: Dipartimento della Pubblica sicurezza. I dati sono suscettibili di successivo consolidamento.",2021-08-15
2021-08-27,"0","*I dati si riferiscono agli eventi di sbarco rilevati entro le ore 8:00 del giorno di riferimento","Fonte: Dipartimento della Pubblica sicurezza. I dati sono suscettibili di successivo consolidamento.",2021-08-15
2021-08-28,"0","*I dati si riferiscono agli eventi di sbarco rilevati entro le ore 8:00 del giorno di riferimento","Fonte: Dipartimento della Pubblica sicurezza. I dati sono suscettibili di successivo consolidamento.",2021-08-15
2021-08-29,"0","*I dati si riferiscono agli eventi di sbarco rilevati entro le ore 8:00 del giorno di riferimento","Fonte: Dipartimento della Pubblica sicurezza. I dati sono suscettibili di successivo consolidamento.",2021-08-15
2021-08-30,"0","*I dati si riferiscono agli eventi di sbarco rilevati entro le ore 8:00 del giorno di riferimento","Fonte: Dipartimento della Pubblica sicurezza. I dati sono suscettibili di successivo consolidamento.",2021-08-15
2021-08-31,"0","*I dati si riferiscono agli eventi di sbarco rilevati entro le ore 8:00 del giorno di riferimento","Fonte: Dipartimento della Pubblica sicurezza. I dati sono suscettibili di successivo consolidamento.",2021-08-15
