"Data","Valore","Note","Fonte","Data_Report"
2021-11-01,"117","*I dati si riferiscono agli eventi di sbarco rilevati entro le ore 8:00 del giorno di riferimento","Fonte: Dipartimento della Pubblica sicurezza. I dati sono suscettibili di successivo consolidamento.",2021-11-15
2021-11-02,"282","*I dati si riferiscono agli eventi di sbarco rilevati entro le ore 8:00 del giorno di riferimento","Fonte: Dipartimento della Pubblica sicurezza. I dati sono suscettibili di successivo consolidamento.",2021-11-15
2021-11-03,"426","*I dati si riferiscono agli eventi di sbarco rilevati entro le ore 8:00 del giorno di riferimento","Fonte: Dipartimento della Pubblica sicurezza. I dati sono suscettibili di successivo consolidamento.",2021-11-15
2021-11-04,"122","*I dati si riferiscono agli eventi di sbarco rilevati entro le ore 8:00 del giorno di riferimento","Fonte: Dipartimento della Pubblica sicurezza. I dati sono suscettibili di successivo consolidamento.",2021-11-15
2021-11-05,"213","*I dati si riferiscono agli eventi di sbarco rilevati entro le ore 8:00 del giorno di riferimento","Fonte: Dipartimento della Pubblica sicurezza. I dati sono suscettibili di successivo consolidamento.",2021-11-15
2021-11-06,"147","*I dati si riferiscono agli eventi di sbarco rilevati entro le ore 8:00 del giorno di riferimento","Fonte: Dipartimento della Pubblica sicurezza. I dati sono suscettibili di successivo consolidamento.",2021-11-15
2021-11-07,"1069","*I dati si riferiscono agli eventi di sbarco rilevati entro le ore 8:00 del giorno di riferimento","Fonte: Dipartimento della Pubblica sicurezza. I dati sono suscettibili di successivo consolidamento.",2021-11-15
2021-11-08,"664","*I dati si riferiscono agli eventi di sbarco rilevati entro le ore 8:00 del giorno di riferimento","Fonte: Dipartimento della Pubblica sicurezza. I dati sono suscettibili di successivo consolidamento.",2021-11-15
2021-11-09,"829","*I dati si riferiscono agli eventi di sbarco rilevati entro le ore 8:00 del giorno di riferimento","Fonte: Dipartimento della Pubblica sicurezza. I dati sono suscettibili di successivo consolidamento.",2021-11-15
2021-11-10,"171","*I dati si riferiscono agli eventi di sbarco rilevati entro le ore 8:00 del giorno di riferimento","Fonte: Dipartimento della Pubblica sicurezza. I dati sono suscettibili di successivo consolidamento.",2021-11-15
2021-11-11,"354","*I dati si riferiscono agli eventi di sbarco rilevati entro le ore 8:00 del giorno di riferimento","Fonte: Dipartimento della Pubblica sicurezza. I dati sono suscettibili di successivo consolidamento.",2021-11-15
2021-11-12,"27","*I dati si riferiscono agli eventi di sbarco rilevati entro le ore 8:00 del giorno di riferimento","Fonte: Dipartimento della Pubblica sicurezza. I dati sono suscettibili di successivo consolidamento.",2021-11-15
2021-11-13,"123","*I dati si riferiscono agli eventi di sbarco rilevati entro le ore 8:00 del giorno di riferimento","Fonte: Dipartimento della Pubblica sicurezza. I dati sono suscettibili di successivo consolidamento.",2021-11-15
2021-11-14,"426","*I dati si riferiscono agli eventi di sbarco rilevati entro le ore 8:00 del giorno di riferimento","Fonte: Dipartimento della Pubblica sicurezza. I dati sono suscettibili di successivo consolidamento.",2021-11-15
2021-11-15,"282","*I dati si riferiscono agli eventi di sbarco rilevati entro le ore 8:00 del giorno di riferimento","Fonte: Dipartimento della Pubblica sicurezza. I dati sono suscettibili di successivo consolidamento.",2021-11-15
2021-11-16,"0","*I dati si riferiscono agli eventi di sbarco rilevati entro le ore 8:00 del giorno di riferimento","Fonte: Dipartimento della Pubblica sicurezza. I dati sono suscettibili di successivo consolidamento.",2021-11-15
2021-11-17,"0","*I dati si riferiscono agli eventi di sbarco rilevati entro le ore 8:00 del giorno di riferimento","Fonte: Dipartimento della Pubblica sicurezza. I dati sono suscettibili di successivo consolidamento.",2021-11-15
2021-11-18,"0","*I dati si riferiscono agli eventi di sbarco rilevati entro le ore 8:00 del giorno di riferimento","Fonte: Dipartimento della Pubblica sicurezza. I dati sono suscettibili di successivo consolidamento.",2021-11-15
2021-11-19,"0","*I dati si riferiscono agli eventi di sbarco rilevati entro le ore 8:00 del giorno di riferimento","Fonte: Dipartimento della Pubblica sicurezza. I dati sono suscettibili di successivo consolidamento.",2021-11-15
2021-11-20,"0","*I dati si riferiscono agli eventi di sbarco rilevati entro le ore 8:00 del giorno di riferimento","Fonte: Dipartimento della Pubblica sicurezza. I dati sono suscettibili di successivo consolidamento.",2021-11-15
2021-11-21,"0","*I dati si riferiscono agli eventi di sbarco rilevati entro le ore 8:00 del giorno di riferimento","Fonte: Dipartimento della Pubblica sicurezza. I dati sono suscettibili di successivo consolidamento.",2021-11-15
2021-11-22,"0","*I dati si riferiscono agli eventi di sbarco rilevati entro le ore 8:00 del giorno di riferimento","Fonte: Dipartimento della Pubblica sicurezza. I dati sono suscettibili di successivo consolidamento.",2021-11-15
2021-11-23,"0","*I dati si riferiscono agli eventi di sbarco rilevati entro le ore 8:00 del giorno di riferimento","Fonte: Dipartimento della Pubblica sicurezza. I dati sono suscettibili di successivo consolidamento.",2021-11-15
2021-11-24,"0","*I dati si riferiscono agli eventi di sbarco rilevati entro le ore 8:00 del giorno di riferimento","Fonte: Dipartimento della Pubblica sicurezza. I dati sono suscettibili di successivo consolidamento.",2021-11-15
2021-11-25,"0","*I dati si riferiscono agli eventi di sbarco rilevati entro le ore 8:00 del giorno di riferimento","Fonte: Dipartimento della Pubblica sicurezza. I dati sono suscettibili di successivo consolidamento.",2021-11-15
2021-11-26,"0","*I dati si riferiscono agli eventi di sbarco rilevati entro le ore 8:00 del giorno di riferimento","Fonte: Dipartimento della Pubblica sicurezza. I dati sono suscettibili di successivo consolidamento.",2021-11-15
2021-11-27,"0","*I dati si riferiscono agli eventi di sbarco rilevati entro le ore 8:00 del giorno di riferimento","Fonte: Dipartimento della Pubblica sicurezza. I dati sono suscettibili di successivo consolidamento.",2021-11-15
2021-11-28,"0","*I dati si riferiscono agli eventi di sbarco rilevati entro le ore 8:00 del giorno di riferimento","Fonte: Dipartimento della Pubblica sicurezza. I dati sono suscettibili di successivo consolidamento.",2021-11-15
2021-11-29,"0","*I dati si riferiscono agli eventi di sbarco rilevati entro le ore 8:00 del giorno di riferimento","Fonte: Dipartimento della Pubblica sicurezza. I dati sono suscettibili di successivo consolidamento.",2021-11-15
2021-11-30,"0","*I dati si riferiscono agli eventi di sbarco rilevati entro le ore 8:00 del giorno di riferimento","Fonte: Dipartimento della Pubblica sicurezza. I dati sono suscettibili di successivo consolidamento.",2021-11-15
