"Data","Valore","Note","Fonte","Data_Report"
2022-08-01,"605","*I dati si riferiscono agli eventi di sbarco rilevati entro le ore 8:00 del giorno di riferimento","Fonte: Dipartimento della Pubblica sicurezza. I dati sono suscettibili di successivo consolidamento.",2022-08-31
2022-08-02,"158","*I dati si riferiscono agli eventi di sbarco rilevati entro le ore 8:00 del giorno di riferimento","Fonte: Dipartimento della Pubblica sicurezza. I dati sono suscettibili di successivo consolidamento.",2022-08-31
2022-08-03,"159","*I dati si riferiscono agli eventi di sbarco rilevati entro le ore 8:00 del giorno di riferimento","Fonte: Dipartimento della Pubblica sicurezza. I dati sono suscettibili di successivo consolidamento.",2022-08-31
2022-08-04,"283","*I dati si riferiscono agli eventi di sbarco rilevati entro le ore 8:00 del giorno di riferimento","Fonte: Dipartimento della Pubblica sicurezza. I dati sono suscettibili di successivo consolidamento.",2022-08-31
2022-08-05,"1047","*I dati si riferiscono agli eventi di sbarco rilevati entro le ore 8:00 del giorno di riferimento","Fonte: Dipartimento della Pubblica sicurezza. I dati sono suscettibili di successivo consolidamento.",2022-08-31
2022-08-06,"520","*I dati si riferiscono agli eventi di sbarco rilevati entro le ore 8:00 del giorno di riferimento","Fonte: Dipartimento della Pubblica sicurezza. I dati sono suscettibili di successivo consolidamento.",2022-08-31
2022-08-07,"430","*I dati si riferiscono agli eventi di sbarco rilevati entro le ore 8:00 del giorno di riferimento","Fonte: Dipartimento della Pubblica sicurezza. I dati sono suscettibili di successivo consolidamento.",2022-08-31
2022-08-08,"52","*I dati si riferiscono agli eventi di sbarco rilevati entro le ore 8:00 del giorno di riferimento","Fonte: Dipartimento della Pubblica sicurezza. I dati sono suscettibili di successivo consolidamento.",2022-08-31
2022-08-09,"262","*I dati si riferiscono agli eventi di sbarco rilevati entro le ore 8:00 del giorno di riferimento","Fonte: Dipartimento della Pubblica sicurezza. I dati sono suscettibili di successivo consolidamento.",2022-08-31
2022-08-10,"227","*I dati si riferiscono agli eventi di sbarco rilevati entro le ore 8:00 del giorno di riferimento","Fonte: Dipartimento della Pubblica sicurezza. I dati sono suscettibili di successivo consolidamento.",2022-08-31
2022-08-11,"486","*I dati si riferiscono agli eventi di sbarco rilevati entro le ore 8:00 del giorno di riferimento","Fonte: Dipartimento della Pubblica sicurezza. I dati sono suscettibili di successivo consolidamento.",2022-08-31
2022-08-12,"585","*I dati si riferiscono agli eventi di sbarco rilevati entro le ore 8:00 del giorno di riferimento","Fonte: Dipartimento della Pubblica sicurezza. I dati sono suscettibili di successivo consolidamento.",2022-08-31
2022-08-13,"1441","*I dati si riferiscono agli eventi di sbarco rilevati entro le ore 8:00 del giorno di riferimento","Fonte: Dipartimento della Pubblica sicurezza. I dati sono suscettibili di successivo consolidamento.",2022-08-31
2022-08-14,"338","*I dati si riferiscono agli eventi di sbarco rilevati entro le ore 8:00 del giorno di riferimento","Fonte: Dipartimento della Pubblica sicurezza. I dati sono suscettibili di successivo consolidamento.",2022-08-31
2022-08-15,"267","*I dati si riferiscono agli eventi di sbarco rilevati entro le ore 8:00 del giorno di riferimento","Fonte: Dipartimento della Pubblica sicurezza. I dati sono suscettibili di successivo consolidamento.",2022-08-31
2022-08-16,"158","*I dati si riferiscono agli eventi di sbarco rilevati entro le ore 8:00 del giorno di riferimento","Fonte: Dipartimento della Pubblica sicurezza. I dati sono suscettibili di successivo consolidamento.",2022-08-31
2022-08-17,"800","*I dati si riferiscono agli eventi di sbarco rilevati entro le ore 8:00 del giorno di riferimento","Fonte: Dipartimento della Pubblica sicurezza. I dati sono suscettibili di successivo consolidamento.",2022-08-31
2022-08-18,"282","*I dati si riferiscono agli eventi di sbarco rilevati entro le ore 8:00 del giorno di riferimento","Fonte: Dipartimento della Pubblica sicurezza. I dati sono suscettibili di successivo consolidamento.",2022-08-31
2022-08-19,"339","*I dati si riferiscono agli eventi di sbarco rilevati entro le ore 8:00 del giorno di riferimento","Fonte: Dipartimento della Pubblica sicurezza. I dati sono suscettibili di successivo consolidamento.",2022-08-31
2022-08-20,"121","*I dati si riferiscono agli eventi di sbarco rilevati entro le ore 8:00 del giorno di riferimento","Fonte: Dipartimento della Pubblica sicurezza. I dati sono suscettibili di successivo consolidamento.",2022-08-31
2022-08-21,"279","*I dati si riferiscono agli eventi di sbarco rilevati entro le ore 8:00 del giorno di riferimento","Fonte: Dipartimento della Pubblica sicurezza. I dati sono suscettibili di successivo consolidamento.",2022-08-31
2022-08-22,"569","*I dati si riferiscono agli eventi di sbarco rilevati entro le ore 8:00 del giorno di riferimento","Fonte: Dipartimento della Pubblica sicurezza. I dati sono suscettibili di successivo consolidamento.",2022-08-31
2022-08-23,"0","*I dati si riferiscono agli eventi di sbarco rilevati entro le ore 8:00 del giorno di riferimento","Fonte: Dipartimento della Pubblica sicurezza. I dati sono suscettibili di successivo consolidamento.",2022-08-31
2022-08-24,"1230","*I dati si riferiscono agli eventi di sbarco rilevati entro le ore 8:00 del giorno di riferimento","Fonte: Dipartimento della Pubblica sicurezza. I dati sono suscettibili di successivo consolidamento.",2022-08-31
2022-08-25,"396","*I dati si riferiscono agli eventi di sbarco rilevati entro le ore 8:00 del giorno di riferimento","Fonte: Dipartimento della Pubblica sicurezza. I dati sono suscettibili di successivo consolidamento.",2022-08-31
2022-08-26,"443","*I dati si riferiscono agli eventi di sbarco rilevati entro le ore 8:00 del giorno di riferimento","Fonte: Dipartimento della Pubblica sicurezza. I dati sono suscettibili di successivo consolidamento.",2022-08-31
2022-08-27,"1909","*I dati si riferiscono agli eventi di sbarco rilevati entro le ore 8:00 del giorno di riferimento","Fonte: Dipartimento della Pubblica sicurezza. I dati sono suscettibili di successivo consolidamento.",2022-08-31
2022-08-28,"494","*I dati si riferiscono agli eventi di sbarco rilevati entro le ore 8:00 del giorno di riferimento","Fonte: Dipartimento della Pubblica sicurezza. I dati sono suscettibili di successivo consolidamento.",2022-08-31
2022-08-29,"679","*I dati si riferiscono agli eventi di sbarco rilevati entro le ore 8:00 del giorno di riferimento","Fonte: Dipartimento della Pubblica sicurezza. I dati sono suscettibili di successivo consolidamento.",2022-08-31
2022-08-30,"606","*I dati si riferiscono agli eventi di sbarco rilevati entro le ore 8:00 del giorno di riferimento","Fonte: Dipartimento della Pubblica sicurezza. I dati sono suscettibili di successivo consolidamento.",2022-08-31
2022-08-31,"81","*I dati si riferiscono agli eventi di sbarco rilevati entro le ore 8:00 del giorno di riferimento","Fonte: Dipartimento della Pubblica sicurezza. I dati sono suscettibili di successivo consolidamento.",2022-08-31
