"Data","Valore","Note","Fonte","Data_Report"
2023-06-01,"508","*I dati si riferiscono agli eventi di sbarco rilevati entro le ore 8:00 del giorno di riferimento","Fonte: Dipartimento della Pubblica sicurezza. I dati sono suscettibili di successivo consolidamento.",2023-06-15
2023-06-02,"571","*I dati si riferiscono agli eventi di sbarco rilevati entro le ore 8:00 del giorno di riferimento","Fonte: Dipartimento della Pubblica sicurezza. I dati sono suscettibili di successivo consolidamento.",2023-06-15
2023-06-03,"178","*I dati si riferiscono agli eventi di sbarco rilevati entro le ore 8:00 del giorno di riferimento","Fonte: Dipartimento della Pubblica sicurezza. I dati sono suscettibili di successivo consolidamento.",2023-06-15
2023-06-04,"16","*I dati si riferiscono agli eventi di sbarco rilevati entro le ore 8:00 del giorno di riferimento","Fonte: Dipartimento della Pubblica sicurezza. I dati sono suscettibili di successivo consolidamento.",2023-06-15
2023-06-05,"103","*I dati si riferiscono agli eventi di sbarco rilevati entro le ore 8:00 del giorno di riferimento","Fonte: Dipartimento della Pubblica sicurezza. I dati sono suscettibili di successivo consolidamento.",2023-06-15
2023-06-06,"525","*I dati si riferiscono agli eventi di sbarco rilevati entro le ore 8:00 del giorno di riferimento","Fonte: Dipartimento della Pubblica sicurezza. I dati sono suscettibili di successivo consolidamento.",2023-06-15
2023-06-07,"1014","*I dati si riferiscono agli eventi di sbarco rilevati entro le ore 8:00 del giorno di riferimento","Fonte: Dipartimento della Pubblica sicurezza. I dati sono suscettibili di successivo consolidamento.",2023-06-15
2023-06-08,"456","*I dati si riferiscono agli eventi di sbarco rilevati entro le ore 8:00 del giorno di riferimento","Fonte: Dipartimento della Pubblica sicurezza. I dati sono suscettibili di successivo consolidamento.",2023-06-15
2023-06-09,"480","*I dati si riferiscono agli eventi di sbarco rilevati entro le ore 8:00 del giorno di riferimento","Fonte: Dipartimento della Pubblica sicurezza. I dati sono suscettibili di successivo consolidamento.",2023-06-15
2023-06-10,"105","*I dati si riferiscono agli eventi di sbarco rilevati entro le ore 8:00 del giorno di riferimento","Fonte: Dipartimento della Pubblica sicurezza. I dati sono suscettibili di successivo consolidamento.",2023-06-15
2023-06-11,"493","*I dati si riferiscono agli eventi di sbarco rilevati entro le ore 8:00 del giorno di riferimento","Fonte: Dipartimento della Pubblica sicurezza. I dati sono suscettibili di successivo consolidamento.",2023-06-15
2023-06-12,"271","*I dati si riferiscono agli eventi di sbarco rilevati entro le ore 8:00 del giorno di riferimento","Fonte: Dipartimento della Pubblica sicurezza. I dati sono suscettibili di successivo consolidamento.",2023-06-15
2023-06-13,"482","*I dati si riferiscono agli eventi di sbarco rilevati entro le ore 8:00 del giorno di riferimento","Fonte: Dipartimento della Pubblica sicurezza. I dati sono suscettibili di successivo consolidamento.",2023-06-15
2023-06-14,"105","*I dati si riferiscono agli eventi di sbarco rilevati entro le ore 8:00 del giorno di riferimento","Fonte: Dipartimento della Pubblica sicurezza. I dati sono suscettibili di successivo consolidamento.",2023-06-15
2023-06-15,"0","*I dati si riferiscono agli eventi di sbarco rilevati entro le ore 8:00 del giorno di riferimento","Fonte: Dipartimento della Pubblica sicurezza. I dati sono suscettibili di successivo consolidamento.",2023-06-15
2023-06-16,"0","*I dati si riferiscono agli eventi di sbarco rilevati entro le ore 8:00 del giorno di riferimento","Fonte: Dipartimento della Pubblica sicurezza. I dati sono suscettibili di successivo consolidamento.",2023-06-15
2023-06-17,"0","*I dati si riferiscono agli eventi di sbarco rilevati entro le ore 8:00 del giorno di riferimento","Fonte: Dipartimento della Pubblica sicurezza. I dati sono suscettibili di successivo consolidamento.",2023-06-15
2023-06-18,"0","*I dati si riferiscono agli eventi di sbarco rilevati entro le ore 8:00 del giorno di riferimento","Fonte: Dipartimento della Pubblica sicurezza. I dati sono suscettibili di successivo consolidamento.",2023-06-15
2023-06-19,"0","*I dati si riferiscono agli eventi di sbarco rilevati entro le ore 8:00 del giorno di riferimento","Fonte: Dipartimento della Pubblica sicurezza. I dati sono suscettibili di successivo consolidamento.",2023-06-15
2023-06-20,"0","*I dati si riferiscono agli eventi di sbarco rilevati entro le ore 8:00 del giorno di riferimento","Fonte: Dipartimento della Pubblica sicurezza. I dati sono suscettibili di successivo consolidamento.",2023-06-15
2023-06-21,"0","*I dati si riferiscono agli eventi di sbarco rilevati entro le ore 8:00 del giorno di riferimento","Fonte: Dipartimento della Pubblica sicurezza. I dati sono suscettibili di successivo consolidamento.",2023-06-15
2023-06-22,"0","*I dati si riferiscono agli eventi di sbarco rilevati entro le ore 8:00 del giorno di riferimento","Fonte: Dipartimento della Pubblica sicurezza. I dati sono suscettibili di successivo consolidamento.",2023-06-15
2023-06-23,"0","*I dati si riferiscono agli eventi di sbarco rilevati entro le ore 8:00 del giorno di riferimento","Fonte: Dipartimento della Pubblica sicurezza. I dati sono suscettibili di successivo consolidamento.",2023-06-15
2023-06-24,"0","*I dati si riferiscono agli eventi di sbarco rilevati entro le ore 8:00 del giorno di riferimento","Fonte: Dipartimento della Pubblica sicurezza. I dati sono suscettibili di successivo consolidamento.",2023-06-15
2023-06-25,"0","*I dati si riferiscono agli eventi di sbarco rilevati entro le ore 8:00 del giorno di riferimento","Fonte: Dipartimento della Pubblica sicurezza. I dati sono suscettibili di successivo consolidamento.",2023-06-15
2023-06-26,"0","*I dati si riferiscono agli eventi di sbarco rilevati entro le ore 8:00 del giorno di riferimento","Fonte: Dipartimento della Pubblica sicurezza. I dati sono suscettibili di successivo consolidamento.",2023-06-15
2023-06-27,"0","*I dati si riferiscono agli eventi di sbarco rilevati entro le ore 8:00 del giorno di riferimento","Fonte: Dipartimento della Pubblica sicurezza. I dati sono suscettibili di successivo consolidamento.",2023-06-15
2023-06-28,"0","*I dati si riferiscono agli eventi di sbarco rilevati entro le ore 8:00 del giorno di riferimento","Fonte: Dipartimento della Pubblica sicurezza. I dati sono suscettibili di successivo consolidamento.",2023-06-15
2023-06-29,"0","*I dati si riferiscono agli eventi di sbarco rilevati entro le ore 8:00 del giorno di riferimento","Fonte: Dipartimento della Pubblica sicurezza. I dati sono suscettibili di successivo consolidamento.",2023-06-15
2023-06-30,"0","*I dati si riferiscono agli eventi di sbarco rilevati entro le ore 8:00 del giorno di riferimento","Fonte: Dipartimento della Pubblica sicurezza. I dati sono suscettibili di successivo consolidamento.",2023-06-15
